-- --------------------------------------------------------
-- Host:                         127.0.0.1
-- Server version:               10.4.8-MariaDB - mariadb.org binary distribution
-- Server OS:                    Win64
-- HeidiSQL Version:             10.3.0.5771
-- --------------------------------------------------------

/*!40101 SET @OLD_CHARACTER_SET_CLIENT=@@CHARACTER_SET_CLIENT */;
/*!40101 SET NAMES utf8 */;
/*!50503 SET NAMES utf8mb4 */;
/*!40014 SET @OLD_FOREIGN_KEY_CHECKS=@@FOREIGN_KEY_CHECKS, FOREIGN_KEY_CHECKS=0 */;
/*!40101 SET @OLD_SQL_MODE=@@SQL_MODE, SQL_MODE='NO_AUTO_VALUE_ON_ZERO' */;


-- Dumping database structure for skybook
CREATE DATABASE IF NOT EXISTS `skybook` /*!40100 DEFAULT CHARACTER SET latin1 */;
USE `skybook`;

-- Dumping structure for table skybook.dealers
CREATE TABLE IF NOT EXISTS `dealers` (
  `id` int(11) NOT NULL AUTO_INCREMENT,
  `name` varchar(100) DEFAULT NULL,
  PRIMARY KEY (`id`)
) ENGINE=InnoDB AUTO_INCREMENT=96 DEFAULT CHARSET=utf8;

-- Dumping data for table skybook.dealers: ~93 rows (approximately)
/*!40000 ALTER TABLE `dealers` DISABLE KEYS */;
INSERT INTO `dealers` (`id`, `name`) VALUES
	(1, '1027 Calcullus Ltd'),
	(2, '1053 Eftpos Now Ltd'),
	(3, '1044 Eftco Limited'),
	(4, '1131 Totalpos Solutions'),
	(5, '1590 Calnar Point of Sale Tauranga'),
	(6, '1182 KiwiEftpos & Point of Sale GroupLtd'),
	(7, '9999 Skyzer Support'),
	(8, '1049 Eftpos Central'),
	(9, '1001 Able 2 Business Solutions Ltd'),
	(10, '1003 Ace Office Products'),
	(11, '1004 ACR POS Systems'),
	(12, '1005 Activata Prepay'),
	(13, '1010 AK International'),
	(14, '1011 Allied Business Equipment Ltd'),
	(15, '1016 Art of IT'),
	(16, '1024 Business Applications Limited'),
	(17, '1030 Cash Register Services'),
	(18, '1034 Cohens Business Centre'),
	(19, '1042 Dowells Office Products Depot'),
	(20, '1043 Ecosse Business Systems'),
	(21, '1044BUN Eftco Limited Bunning Contract'),
	(22, '1045 Eftpos 2 Go'),
	(23, '1056 Eftpos Systems Ltd'),
	(24, '1058 Eftpos Warehouse Ltd'),
	(25, '1066 Global Eftpos Ltd'),
	(26, '1068 GPOS Limited'),
	(27, '1069 Gracetek Communications Ltd'),
	(28, '1077 Interim Technology Rentals'),
	(29, '1079 Keywest Computers'),
	(30, '1085 Lecho International Ltd'),
	(31, '1091 Nationwide Eftpos Rentals'),
	(32, '1094 Newo Limited'),
	(33, '1143 NZ Payment Solution Ltd'),
	(34, '1125 The Point of Sale Company Ltd'),
	(35, '1128 Today Software'),
	(36, '1036 Computer Supplyline'),
	(37, '1097 Otago Business Equipment Ltd'),
	(38, '1227 Skyzer Corporate Leasing'),
	(39, '1206 Remedy Group Ltd'),
	(40, '1101 POS MATE'),
	(41, '1121ESAUC Eftpos Specialists Auckland'),
	(42, '1105 Reliable Electronics Ltd'),
	(43, '1214 Best Technology Limited'),
	(44, '1028 Calnar Point of Sales Waikato'),
	(45, '1121ESCO Eftpos Specialists Central Otago'),
	(46, '1121ESSTH Eftpos Specialists Southland'),
	(47, '1121ESBOP Eftpos Specialists Bay of Plenty'),
	(48, '1121ESCHCH Eftpos Specialists Christchurch'),
	(49, '1121ESH Eftpos Specialists Hawkes Bay'),
	(50, '1121ESMAN Eftpos Specialists Manawatu'),
	(51, '1121ESMARL Eftpos Specialists Marlbough'),
	(52, '1121ESNEL Eftpos Specialists Nelson Ltd'),
	(53, '1121ESNTH Eftpos Specialists Northland'),
	(54, '1121ESOT Eftpos Specialists Otago'),
	(55, '1121ESTARA Eftpos Specialists (Taranaki) Ltd'),
	(56, '1121ESWAIK Eftpos Specialists Waikato'),
	(57, '1115 Symtech Ltd'),
	(58, '1121ESTH Technology Holding Headoffice Sales'),
	(59, '1124 The Copy Company'),
	(60, '1053WAI Eftpos Now Wairarapa'),
	(61, '1047KIWI Kiwi Eftpos Pointof Sale - Auckland'),
	(62, '1184 Zylex Computers Ltd'),
	(63, '1391 Business Solutions LTD'),
	(64, '1102 Pos Technology'),
	(65, '1061 Epay'),
	(66, '1071 Hutchinson International Ltd'),
	(67, '1080 Kiwibank Limited'),
	(68, '1097QT Otago business Equipment QT'),
	(69, '1119 Tech central'),
	(70, '1121ESWELL Eftpos Specialists Wellington'),
	(71, '1172 HM Express Ltd'),
	(72, '1173 Epos Solutions Ltd'),
	(73, '1272 Mimic Technologies'),
	(74, '1301 Electronics Systems Service Group'),
	(75, '1376 Next Level POS Ltd'),
	(76, '1050 EFTPOS COMPLIANCE NZ'),
	(77, '1248 UNITS NOT IN SERVICE'),
	(78, '1014 Ansutek Commercial Solutions'),
	(79, '1171 Technology by Design Auckland Ltd'),
	(80, '1180 Transactor Technologies Ltd'),
	(81, '1223 Everything IT Ltd'),
	(82, '1242 Pos Innovation Ltd'),
	(83, '1145 Tills Eftpos And More Ltd'),
	(84, '1385 Auckland District Health Board'),
	(85, '1419 R&D master Account'),
	(86, '1407 Cheerful POS Ltd'),
	(87, '1098 Paymark (ETSL)'),
	(88, '1439 Computer Supplyline 2019 Ltd'),
	(89, '1121HO Technology Holdings Limited HO'),
	(90, '1459 Oxygen POS Ltd'),
	(91, '1547 NetSoft Technologies Ltd'),
	(92, '1540 ACR POS SYSTEMS LTD'),
	(93, '1544 Nelson Community Venues'),
	(94, '1578 Mc Donalds'),
	(95, '1562 Blue House Computing Ltd');
/*!40000 ALTER TABLE `dealers` ENABLE KEYS */;

-- Dumping structure for table skybook.follow_ups
CREATE TABLE IF NOT EXISTS `follow_ups` (
  `id` int(11) NOT NULL AUTO_INCREMENT,
  `follow_up_date` date DEFAULT NULL,
  `follow_up_time` time DEFAULT NULL,
  `contact` varchar(100) DEFAULT NULL,
  `note` varchar(1000) DEFAULT NULL,
  `is_completed` tinyint(4) DEFAULT 0,
  `log` int(11) DEFAULT NULL,
  `updated_by` int(11) DEFAULT NULL,
  `updated_on` datetime DEFAULT NULL,
  PRIMARY KEY (`id`),
  KEY `fk_follow_up_log_idx` (`log`),
  KEY `fk_follow_up_updated_by_idx` (`updated_by`),
  CONSTRAINT `fk_follow_up_log` FOREIGN KEY (`log`) REFERENCES `logs` (`id`),
  CONSTRAINT `fk_follow_up_updated_by` FOREIGN KEY (`updated_by`) REFERENCES `users` (`id`)
) ENGINE=InnoDB AUTO_INCREMENT=53 DEFAULT CHARSET=utf8;

-- Dumping data for table skybook.follow_ups: ~30 rows (approximately)
/*!40000 ALTER TABLE `follow_ups` DISABLE KEYS */;
INSERT INTO `follow_ups` (`id`, `follow_up_date`, `follow_up_time`, `contact`, `note`, `is_completed`, `log`, `updated_by`, `updated_on`) VALUES
	(2, '2020-10-30', '10:03:00', '0226231640', 'Double check everything is working fine. Is it still showing a 341?\r\n\r\n', 1, 73, 1, '2020-10-27 15:48:31'),
	(3, '2020-11-02', '11:56:00', '0211908616', '', 1, 102, 1, '2020-11-02 11:11:46'),
	(4, '2020-11-02', '11:00:00', '021775552', 'Contact ASAP, Gavin kept another terminal for a moment.\r\n\r\nCalled Gavin;\r\nHe will call back (12:33PM).\r\n\r\nSupposed to get call back from Gavin but haven\'t got yet.... as result still in outstanding\r\n\r\n\r\n', 1, 105, 1, '2020-12-04 10:11:00'),
	(5, '2020-11-06', '14:39:00', '', 'Update to Vineel to do follow up', 1, 119, 1, '2020-11-05 12:15:18'),
	(6, '2020-11-10', '11:00:00', '021951205', 'Ask Kishan for updates', 1, 130, 1, '2020-11-10 15:34:21'),
	(8, '2020-11-11', '11:40:00', '021669020', 'Call paymark for status?:done\r\n\r\nAshen got call for it.', 1, 152, 1, '2020-11-30 09:11:35'),
	(9, '2020-11-12', '10:00:00', '0223579843', 'Restarting on transaction\r\n', 1, 157, 1, '2020-12-08 09:09:24'),
	(10, '2020-11-13', '09:00:00', '0272155159', 'Grab details about how often the issue happened during the day.', 0, 165, 6, '2020-11-18 15:33:35'),
	(11, '2020-12-16', '09:30:00', 'kishan.rabari@skyzer.co.nz', '', 0, 178, 6, '2020-12-04 10:07:38'),
	(12, '2020-11-16', '16:01:00', '0274677677', 'Callback asap after speak with Paymark.\r\n', 1, 184, 1, '2020-11-16 15:49:58'),
	(13, '2020-11-18', '14:28:00', '', 'Observe the Terminal,  Why it is not uploading the Reversal.', 1, 218, 3, '2020-12-02 12:09:03'),
	(24, '2020-11-24', '11:00:00', '02102829825', 'Call back with solution.\r\n\r\n', 1, 242, 1, '2020-11-24 10:20:37'),
	(25, '2020-11-26', '09:30:00', '0274502372', 'TID: 10074136\r\n\r\nLeft voice mail as customer not picking up the calls.\r\n\r\ngot call from kiwibank at 4:00\r\n0276756206', 1, 263, 1, '2020-11-26 16:15:27'),
	(26, '2020-12-13', '11:37:00', '', 'Follow up done. ', 1, 320, 3, '2021-01-13 09:29:54'),
	(35, '2020-12-10', '15:27:00', '', 'Test the terminal when receive it.  \r\n\r\nTerminals tested advised David that it is a Hardware issue since it is dropping the signals intermittently. Handed over the terminals to Service Dpt. ', 1, 331, 3, '2020-12-04 09:29:28'),
	(36, '2020-12-17', '10:37:00', '', 'Follow up with Gavin.', 1, 377, 3, '2021-01-07 12:53:35'),
	(37, '2020-12-16', '13:50:00', '0210545702', 'Call back after Nilesh\'s response.', 1, 422, 1, '2020-12-16 13:39:50'),
	(38, '2020-12-17', '10:00:00', '021333565', 'IT rental Technologies. Please discuss with Nilesh and call back.', 1, 423, 1, '2020-12-21 10:50:11'),
	(39, '2021-02-26', '10:00:00', '068686096', '', 1, 522, 1, '2021-01-26 11:05:46'),
	(40, '2021-01-27', '10:33:00', 'kishan.rabari@skyzer.co.nz', 'PLease call Richard for the issue', 0, 527, NULL, NULL),
	(41, '2021-01-28', '09:45:00', '027', 'Customer requested to call back', 1, 538, 1, '2021-01-28 13:20:01'),
	(42, '2021-02-10', '11:00:00', '021862020', 'Get back to him why IKR wasn\'t downloaded even it contact TMS?', 1, 577, 1, '2021-02-10 12:15:04'),
	(43, '2021-02-22', '11:15:00', '0274469228', 'Awaiting Shani\'s update', 1, 619, 1, '2021-02-23 10:41:55'),
	(44, '2021-02-23', '11:15:00', '0211271841', 'Nedd', 1, 623, 1, '2021-02-23 11:35:40'),
	(45, '2021-03-03', '15:24:00', '0800426699', 'Enable Activata configuration with GPRS mode.', 1, 657, 9, '2021-03-23 09:43:34'),
	(46, '2021-03-05', '08:45:00', '', '', 0, 661, NULL, NULL),
	(47, '2021-03-15', '10:00:00', 'kishan.rabari@skyzer.co.nz', '', 0, 685, NULL, NULL),
	(48, '2021-03-15', '10:00:00', 'kishan.rabari@skyzer.co.nz', '', 0, 686, NULL, NULL),
	(49, '2021-03-30', '09:30:00', 'kishan.rabari@skyzer.co.nz', '', 0, 729, NULL, NULL),
	(51, '2021-04-13', '12:00:00', 'davinder.singh@skyzer.co.nz', 'contact him ', 1, 781, 10, '2021-04-21 14:43:59'),
	(52, '2021-04-16', '12:34:00', 'davinder.singh@skyzer.co.nz', 'contact jacob', 1, 833, 10, '2021-04-21 14:28:44');
/*!40000 ALTER TABLE `follow_ups` ENABLE KEYS */;

-- Dumping structure for table skybook.issues
CREATE TABLE IF NOT EXISTS `issues` (
  `id` int(11) NOT NULL AUTO_INCREMENT,
  `name` varchar(250) DEFAULT NULL,
  `solution` varchar(1000) DEFAULT NULL,
  `issue_master` int(11) DEFAULT NULL,
  PRIMARY KEY (`id`),
  KEY `fk_issue_master_idx` (`issue_master`),
  CONSTRAINT `fk_issue_master` FOREIGN KEY (`issue_master`) REFERENCES `issue_master` (`id`)
) ENGINE=InnoDB AUTO_INCREMENT=56 DEFAULT CHARSET=utf8;

-- Dumping data for table skybook.issues: ~39 rows (approximately)
/*!40000 ALTER TABLE `issues` DISABLE KEYS */;
INSERT INTO `issues` (`id`, `name`, `solution`, `issue_master`) VALUES
	(9, 'Point terminal on latest release', '\r\n<ul style="list-style-type: disc;">\r\n    <li>Get terminal S/N (Func +74) and enter into TMS</li>\r\n    <li>Select appropriate S/W from &lsquo;Release&rsquo; drop down box</li>\r\n    <li>Click on &lsquo;Change&rsquo; button to save the changes</li>\r\n</ul>\r\n', 1),
	(10, 'Assign correct Logo', '\r\n<ul style="list-style-type: disc;">\r\n    <li>Get terminal S/N and enter it into TMS</li>\r\n    <li>Click on &lsquo;Skyzer parameters&rsquo;</li>\r\n    <li>Select the correct LOGO from the LOGOs button (Idle 1 &amp; Idle 2 both )</li>\r\n    <li>Click on update record to save the changes</li>\r\n</ul>\r\n', 1),
	(11, 'Terminal is not contacting TMS', '\r\n<ul style="list-style-type: disc;">\r\n    <li>Check on TMS whether terminal is on prevent download or not</li>\r\n    <li>If terminal is on TCP-IP, perform PING TEST under Func + 9904, it should pass</li>\r\n    <li>If comms mode is GPRS make sure the SIM has enough credit</li>\r\n    <li>Check port number under Func + 2467, it has to be either 3200 or 3201</li>\r\n    <li>Check with Shani about TMS status and particular terminal (why not contacting)</li>\r\n</ul>\r\n', 1),
	(12, 'Terminal not doing RKI', '\r\n<ul style="list-style-type: disc;">\r\n    <li>Make sure terminal is getting an internet connectivity</li>\r\n    <li>Check terminal and Merchant ID</li>\r\n    <li>Ensure terminal ID is still active from Paymark end</li>\r\n    <li>If Terminal is on NITRO mode (Deactivate Nitro and try)</li>\r\n</ul>\r\n', 2),
	(13, 'RSA key requires', '\r\nCould be  production issue, Production havent loaded keys or failed paymark reply.\r\n', 2),
	(14, 'How to check key size on the terminal', '\r\n<ul style="list-style-type: disc;">\r\n    <li>Perform following functions to check key size</li>\r\n    <li>Menu + supervisor menu + extra + Number 2 (at terminal functions) + enter</li>\r\n    <li>Terminal will print out one receipt, &lsquo;RKI key size&rsquo; will be prompt under &lsquo;COMPLIANCE &lsquo;segment</li>\r\n</ul>\r\n', 2),
	(15, 'Stuck on smile face', '\r\nN/A\r\n', 3),
	(16, 'How to attach Pinpad with terminal', '\r\n<ul style="list-style-type: disc;">\r\n    <li>Tetra terminals will automatically recognise PINPADs</li>\r\n    <li>For telium terminals press menu + zero + Password ( 6988 OR 62624371 ) + Telium Manager + Initialization + Parameters + PINPAD+ select on &lsquo;YES&rsquo; + Choose IPP310 or IPP280</li>\r\n</ul>\r\n', 3),
	(17, 'PINPAD out of order', '\r\n•	N/A\r\n', 3),
	(18, 'Terminals shows “check cable lost with cash register”', '\r\n<ul style="list-style-type: disc;">\r\n    <li>Under Func + 6629 choose 1 for serial cable &amp; choose 2 for USB</li>\r\n    <li>Make sure the COM PORT number assign into &lsquo;Device Manager &lsquo; is the same under Linkly Client GUI .</li>\r\n    <li>Restart the services after changing the PORT number</li>\r\n    <li>Restart the EFTPOS machine and PC both</li>\r\n</ul>\r\n', 4),
	(19, 'Not printing receipt ', '\r\n<ul style="list-style-type: disc;">\r\n    <li>For Nitro terminals POS receipt, enter printer name into &lsquo;Printer&rsquo; box available under &lsquo;Linkly Client GUI for external printer, whereas for Eftpos printer please type &lsquo;NPT&rsquo; under printer box.</li>\r\n    <li>For standalone terminals, press Func + 7415, follow the prompts and turn on the &lsquo;CUST COPY&rsquo;</li>\r\n    <li>For Nitro terminals, press Func + 7418 + 3 (enable/ disable MERC receipt)</li>\r\n</ul>\r\n', 4),
	(20, 'Not picking up drivers', '\r\n<ul style="list-style-type: disc;">\r\n    <li>This issue usually happened when computer OS gets updated and customer is using old Nitro software along with old USB drivers. In order to resolve this issue, uninstall the old drivers first from <strong>Control panel -&gt; Programs -&gt; Uninstall Programs -&gt; Ingenico USB drivers</strong></li>\r\n    <li>Install the latest driver available at <strong>N :(drive) -&gt; AAPAYMENT -&gt; 15 INTERFACED -&gt; NITRO -&gt; Skyzer Nitro Installer 5.3.0 -&gt; USB Driver V.3.20</strong></li>\r\n</ul>\r\n', 4),
	(21, 'Issues related to HOSPITALITY', '\r\nN/A\r\n', 5),
	(22, 'Issues related to TIPPING', '\r\n<ul style="list-style-type: disc;">\r\n    <li>Press Func + 7415 and enable tipping (Instant tipping / CC tipping)</li>\r\n    <li>Maximum tip amount for Instant tipping is 30% of total amount</li>\r\n    <li>Maximum tip amount for CC tipping is 20% of total amount</li>\r\n</ul>\r\n', 5),
	(23, 'Issues related to SURCHARGE ', '\r\nN/A\r\n', 5),
	(24, 'How to Activate / Deactivate multi merchant', '\r\nPress Func 7418 + Multi Merchant Setup (Press 3) + enter merchants as require, For EX. For two merchants enter 12 for five merchant press 12345 + enter to save the changes.\r\n', 6),
	(25, 'Configure Merchant Name', '\r\n   <ul style="margin-bottom:0cm;list-style-type: disc;">\r\n        <li>Press Func + 7418 + Number 4 + Enter the merchant name + enter to save the changes</li>\r\n    </ul>\r\n', 6),
	(26, 'Eftpos Configuration', '\r\n    <ul style="margin-bottom:0cm;list-style-type: disc;">\r\n        <li>Press Func + 3824 + enter terminal ID + follow the prompts + COMMS MODE [ (change the Comms Mode as require) (1. Dial-up, <strong>2</strong>.TCP-IP/Dial Up ,<strong>3.</strong> TCP-IP,<strong>4.</strong> GPRS ,<strong>5.</strong> GPRS /Dial <strong>6.</strong> TCP-IP /GPRS, <strong>7.</strong> TCP-IP/GPRS/DIAL-Up,<strong>&nbsp;8.</strong> DIAL/GPRS 9. WI-FI)</li>\r\n    </ul>\r\n\r\n', 6),
	(27, 'Enable/disable Activata', '\r\n<ul style="margin-bottom:0cm;list-style-type: disc;">\r\n	<li>Press Func + 4001 for Enabling / Disabling Activata</li>\r\n</ul>\r\n', 7),
	(28, 'Activata Merchant Configuration', '\r\n<ul style="margin-bottom:0cm;list-style-type: disc;">\r\n	<li>Press Func 4824 + Enter and follow the prompts</li>\r\n	<li>Ensure terminal ID is the Activata Terminal ID & Merchant ID is first six digit of ‘ACTIVATA ID ‘</li>\r\n</ul>\r\n', 7),
	(29, 'Enable/ disable DCC', '\r\n<ul style="margin-bottom:0cm;list-style-type: disc;">\r\n	<li>Press Func + 3025707 for Enabling/ Disabling DCC</li>\r\n</ul>\r\n', 8),
	(30, 'DCC configuration', '\r\n<ul style="margin-bottom:0cm;list-style-type: disc;">\r\n	<li>Press Func + 3025703</li>\r\n</ul>\r\n', 8),
	(31, 'Downloading the Bin table and rates table', '\r\n<ul style="margin-bottom:0cm;list-style-type: disc;">\r\n	<li>Downloading Bin table: Press Func + 3025701</li>\r\n	<li>Downloading Rates table: Press Func + 3025702</li>\r\n</ul>\r\n', 8),
	(32, 'Base Pairing for Move/5000 & IWL 252', '\r\n<ul style="margin-bottom:0cm;list-style-type: disc;">\r\n	<li>Move/5000: Ensure terminal is on cradle</li>\r\n	<li>Press Menu + zero + password (6988) + Control Panel + Terminal Settings + Communication Means + Bluetooth + Base + Association + New base + Enter (association gets successful Indicates pairing successful)</li>\r\n	<li>IWL/ 252: Press Menu or F key + zero + password (62624371 or 6988) + Telium Manager + Initialization + hardware + cradle setup + Association + New Base + Enter</li>\r\n</ul>\r\n', 9),
	(33, 'Bluetooth pairing for ICMP / LINK devices', '\r\n<ul>\r\n<li>Press F Key</li>\r\n<li>At SUPERVISOR MENU screen, press 0 (zero) key</li>\r\n<li>At ENTER PASSWORD? screen, key in 6988 followed by ENTER</li>\r\n<li>At FUNCTIONS, press 0 (zero) to select TELIUM MANAGER</li>\r\n<li>At TELIUM MANAGER, press 5 to select INITIALISATION</li>\r\n<li>At INITIALISATION, press 2 to select HARDWARE</li>\r\n<li>At CONFIGURATION, scroll down by pressing F2 key or press 5 to select BLUETOOTH</li>\r\n<li>At BLUETOOTH press 2 to select PAIR WITH PHONE</li>\r\n</ul>\r\n', 9),
	(34, 'Interface Type', '\r\n<ul>\r\n<li>\r\n<ul>\r\n<li><strong>Two Types of interface: - </strong>1) One-Way</li>\r\n</ul>\r\n<p>2) Two-way</p>\r\n<p><strong>&nbsp;</strong></p>\r\n<ul>\r\n<li><strong>Connection Type: - </strong>1) USB</li>\r\n</ul>\r\n<p>2) Serial</p>\r\n<ul>\r\n<li>Press Func + 6629 to change the Com Port from USB to Serial (RS232)</li>\r\n</ul>\r\n</li>\r\n</ul>\r\n', 10),
	(35, 'No Communication between POS and Terminal', '\r\n<ul>\r\n<li>\r\n<ul>\r\n<li>\r\n<ul>\r\n<li>Firstly, check whether the POS is approved for Interface by Skyzer or not (N:AAPAYMENTS9 POS TESTING1. APPROVED POS LIST &ndash; PUBLISHED 1- and 2-way Interface accredited POS System)</li>\r\n<li>Check under Func + 6629 for right comport (USB / serial)</li>\r\n<li>Ensure, Interface is turned on under Func + 7415</li>\r\n<li>Check the com port number assigned is set up correctly on POS</li>\r\n<li>Press Func + 6628, Change Interface Type from Skyzer to Legacy (No2) and revert back again on Skyzer (No.1) and save it</li>\r\n<li>If none of the above works, restart the terminal and PC both</li>\r\n</ul>\r\n</li>\r\n</ul>\r\n</li>\r\n</ul>\r\n', 10),
	(36, 'How to Enable / Disable interface', '\r\n<ul>\r\n<li>Press Func + 7415 and follow the prompts, INTERFACED option will pop up at the end</li>\r\n<li>Turn Interface on for Enable, turn interface OFF for Disable</li>\r\n</ul>\r\n', 10),
	(37, 'Unknown', '\r\nN/A\r\n', 11),
	(38, 'Terminal activation/deactivation', '\r\n<ul>\r\n<li>Request must come from accounts to active/reactive terminal</li>\r\n<li>Enter requested serial number into TMS</li>\r\n<li>Select Skyzer parameters</li>\r\n<li>Tick/untick Enable/ Disable checkbox</li>\r\n<li>Click on update record button to save the changes</li>\r\n</ul>\r\n', 12),
	(39, 'Terminal recived/dispatched date', '\r\nN/A\r\n', 13),
	(40, 'NITRO licence key', '\r\n<ul>\r\n<li>Confirm with accounts team that terminal sold as a NITRO terminal</li>\r\n<li>Once confirmed, get the serial number</li>\r\n<li><strong>N:License Key GeneratorNitro License Key Generator </strong>open the Folder</li>\r\n<li>Enter last 6 digit of the serial number and it will generate the licence key</li>\r\n</ul>\r\n', 4),
	(41, 'NITRO setup', '\r\n<ul>\r\n<li>Remote installation of Nitro can be done upon special request</li>\r\n<li>At present the latest NITRO version is V.5.3.0</li>\r\n<li><strong>N:AAPAYMENTS15 INTERFACEDNitroNitroSkyzer Nitro Installer 5.3.0</strong></li>\r\n<li>Follow the path above and you will get each detail about latest Nitro</li>\r\n</ul>\r\n', 4),
	(42, 'IKR issue', '\r\nN/A\r\n', 1),
	(43, 'Manpan issue', '\r\n<ul>\r\n<li>Initiate transaction</li>\r\n<li>When terminal prompt for Insert/Present/swipe card press Func button and follow the prompts</li>\r\n</ul>\r\n', 14),
	(44, 'Reversal transactions', '\r\nN/A\r\n', 14),
	(45, 'Dial-up issues', '\r\nN/A\r\n', 1),
	(46, 'Contactless issue', '<p><strong>Tetra: </strong></p>\r\n<ul>\r\n<li><strong>Press Func + 7418 + 7 (Enable CTL/ Disable CTL) + Enter</strong></li>\r\n</ul>\r\n<p><strong>Telium: </strong></p>\r\n<ul>\r\n<li>Menu + press zero + PASSWORD? (6988/62624371) + Telium manager + initialization + parameters+ Contactless + select YES + Select &lsquo;INTERNAL&rsquo; for terminal only <strong><span style="text-decoration: underline;">OR</span></strong>select USB for PINPAD.</li>\r\n</ul>', 5),
	(55, 'IKR Certification Expired', '<p>In order to continue transacting please perform Func 77 to DISABLE EXTERNAL PINPAD. Terminal will restart and return to idle display allowing the merchant to continue transacting on terminal only. While Pinpad is still connected it will be display smiley face.&nbsp;</p>\r\n    <p>Alternatively if you like to remove Pinpad completely, then remove power to the terminal, unplug Pinpad and power terminal up again. Terminal will return to idle display ready for transacting.&nbsp;</p>\r\n    <p>Return the PINPad to Skyzer for reset and Certificate update at no charge.</p>\r\n    <p>For more: N:\\AAPAYMENTS\\Skyzer Bulletin\\Bulletins - Released\\Skyzer Bulletin 24 -How to recognise if the Ingetrust Keys have expired.pdf</p>', 15);
/*!40000 ALTER TABLE `issues` ENABLE KEYS */;

-- Dumping structure for table skybook.issue_master
CREATE TABLE IF NOT EXISTS `issue_master` (
  `id` int(11) NOT NULL AUTO_INCREMENT,
  `name` varchar(100) DEFAULT NULL,
  PRIMARY KEY (`id`)
) ENGINE=InnoDB AUTO_INCREMENT=16 DEFAULT CHARSET=utf8;

-- Dumping data for table skybook.issue_master: ~11 rows (approximately)
/*!40000 ALTER TABLE `issue_master` DISABLE KEYS */;
INSERT INTO `issue_master` (`id`, `name`) VALUES
	(1, 'TMS'),
	(2, 'RKI issue  '),
	(3, 'Pairing issue'),
	(4, 'Nitro  '),
	(5, 'Facilities'),
	(6, 'Merchant Configuration '),
	(7, 'Activata'),
	(8, 'DCC '),
	(9, 'Bluetooth Pairing'),
	(10, 'Interface'),
	(11, 'Unknown'),
	(12, 'Compliance DPT'),
	(13, 'Service DPT'),
	(14, 'Transaction Flow Issue '),
	(15, 'IKR');
/*!40000 ALTER TABLE `issue_master` ENABLE KEYS */;

-- Dumping structure for table skybook.logs
CREATE TABLE IF NOT EXISTS `logs` (
  `id` int(11) NOT NULL AUTO_INCREMENT,
  `user` int(11) DEFAULT NULL,
  `log_date` date DEFAULT NULL,
  `log_time` time DEFAULT NULL,
  `is_voicemail` tinyint(4) DEFAULT NULL,
  `is_instructed` tinyint(4) DEFAULT NULL,
  `technician` varchar(100) DEFAULT NULL,
  `dealer` int(11) DEFAULT NULL,
  `terminal` int(11) DEFAULT NULL,
  `serial` varchar(100) DEFAULT NULL,
  `current_release` int(11) DEFAULT NULL,
  `issue_master` int(11) DEFAULT NULL,
  `issue` int(11) DEFAULT NULL,
  `description` varchar(1000) DEFAULT NULL,
  `new_issue` varchar(1000) DEFAULT NULL,
  `new_solution` varchar(1000) DEFAULT NULL,
  `status` tinyint(4) DEFAULT NULL,
  PRIMARY KEY (`id`),
  KEY `fk_log_terminal_idx` (`terminal`),
  KEY `fk_log_issue_master_idx` (`issue_master`),
  KEY `fk_log_issue_idx` (`issue`),
  KEY `fk_dealer_idx` (`dealer`,`user`),
  KEY `fk_log_user_idx` (`user`),
  KEY `fk_log_release_idx` (`current_release`),
  CONSTRAINT `fk_log_issue` FOREIGN KEY (`issue`) REFERENCES `issues` (`id`),
  CONSTRAINT `fk_log_issue_master` FOREIGN KEY (`issue_master`) REFERENCES `issue_master` (`id`),
  CONSTRAINT `fk_log_release` FOREIGN KEY (`current_release`) REFERENCES `releases` (`id`),
  CONSTRAINT `fk_log_terminal` FOREIGN KEY (`terminal`) REFERENCES `terminals` (`id`)
) ENGINE=InnoDB AUTO_INCREMENT=911 DEFAULT CHARSET=utf8;

-- Dumping data for table skybook.logs: ~705 rows (approximately)
/*!40000 ALTER TABLE `logs` DISABLE KEYS */;
INSERT INTO `logs` (`id`, `user`, `log_date`, `log_time`, `is_voicemail`, `is_instructed`, `technician`, `dealer`, `terminal`, `serial`, `current_release`, `issue_master`, `issue`, `description`, `new_issue`, `new_solution`, `status`) VALUES
	(72, 1, '2020-10-27', '13:00:44', 0, 1, 'Mohit', 35, NULL, '', NULL, 11, 37, '', 'Required business names of the list of serial numbers which we got through email.', 'Called paymark & got business names.', 1),
	(73, 1, '2020-10-27', '14:10:09', 0, 0, 'Darreen', 48, 9, '23802809', 37, 11, 37, '', 'Was showing on 341 instead of latest 346.', 'Contact TMS get download latest software.', 1),
	(74, 1, '2020-10-27', '15:34:57', 0, 0, 'Poppy', 67, NULL, '20497637', NULL, 11, 37, '', 'Processing Now.... Logon required.', 'Did Re-RKI. Release keys and Logon.', 1),
	(75, 1, '2020-10-27', '16:31:15', 0, 0, 'David', 66, 14, '', NULL, 11, 37, '', 'B/T configure base. \r\nRKI remote init and gets failed TID07078102. ', 'Followed the B/T pairing steps. Deactivated NITRO and tried RKI. ', 1),
	(76, 1, '2020-10-27', '16:59:31', 0, 0, 'Tech', 30, 14, '', NULL, 11, 37, 'POS: Idealpos', 'Interface communication issue.', 'Paired b/t and restart', 1),
	(77, 1, '2020-10-28', '09:34:52', 0, 0, 'Suds', 64, 21, '22351044, 23977878', NULL, 11, 37, 'IPS ping test failed.\r\n\r\n\r\n11/11/2020\r\nHaven\'t got a call back so far so believe must be Internat issue. Updated status to RESOLVED.', 'When trying to contact TMS shos TMS server error, Modem error.', 'Tried unplugged & plug still not working. But suggest do after some time maybe the internet is fluctuating. ', 1),
	(78, 1, '2020-10-28', '09:46:37', 0, 0, 'Umesh', 64, 15, '07376927, 07339796', NULL, 11, 37, '07376927 why it is not showing in Dealer TMS. ', '07376927 as it was sitting under different division 1419 instead of 1102.  07339796 check whether it is on the latest?', '07376927 changed division to 1102. 07339796 was on old asked for contact TMS get download latest.', 1),
	(79, 1, '2020-10-28', '10:09:19', 0, 0, 'Cherry', 49, NULL, '16853741', NULL, 1, 10, '', '', '', 1),
	(80, 1, '2020-10-28', '12:09:04', 0, 0, 'Shivon', 5, 15, '', NULL, 11, 37, '', '07376914, IP315, Payway is not working.', ' Did 7418 - 7 - activated. Did RE_RKI. TerminalID doesn\'t have pay way.', 1),
	(81, 1, '2020-10-28', '12:42:13', 0, 0, 'Dasi', 49, 21, '23841162', NULL, 1, 9, 'The customer was doing double-check whether it is on the latest.', '', '', 1),
	(82, 1, '2020-10-28', '13:24:08', 0, 0, 'Charllote', 67, 12, '15097PP20497239', NULL, 9, 33, 'New Samsung phone, Apple->Android\r\nTID:10789001', '', '', 1),
	(83, 1, '2020-10-28', '13:55:59', 0, 0, 'Hats', 10, 21, '24441071', NULL, 11, 37, '', 'Payway not working even it is on.', 'Asked them to check with paymark first whether TID has pay way?', 1),
	(84, 1, '2020-10-28', '15:13:34', 0, 0, 'Rich', 28, 9, '24579816', NULL, 2, 14, 'Sitting in 2048, so it is fine.', '', '', 1),
	(85, 1, '2020-10-28', '15:46:30', 0, 1, 'Albert', 13, 21, '24185290', NULL, 11, 37, 'Called 64 21 880 400', 'What is NITRO key?', 'Never been requested for NITRO on the same terminal so we can not give him a Licence key. As result, the customer has to send that terminal to Skyzer for NITRO activation.', 1),
	(86, 1, '2020-10-28', '16:19:23', 0, 0, 'Thomas', 41, 14, '', NULL, 11, 37, 'POS:  Counter Intelligence POS.\r\n34pek3, 911mjv, xu3m18\r\n\r\n', 'Driver issue', 'Install NITRO 5.3.0 software and driver 3.20', 1),
	(87, 1, '2020-10-29', '09:27:27', 0, 0, 'crate', 4, 21, '', NULL, 10, 35, 'Was on POSGATE. Had old USB driver. ', '', '', 1),
	(88, 1, '2020-10-29', '09:30:57', 0, 0, 'Nirosha', 67, 12, '', NULL, 9, 33, 'TDI: 10111978 (In Hide Leather Works), Install Quickpay app again.', '', '', 1),
	(89, 1, '2020-10-29', '10:36:10', 0, 0, 'Umesh', 64, NULL, '', NULL, 11, 37, '', 'Can we download/contact TMS through Paymark SIM.', 'No.', 1),
	(90, 1, '2020-10-29', '11:18:04', 0, 0, 'Tonny', 29, 9, '', NULL, 11, 37, '', 'How to reset merchant configurations.', 'F 9902.', 1),
	(91, 1, '2020-10-29', '12:36:33', 0, 0, 'Peter', 1, 16, '', NULL, 11, 37, '', 'How to disconnect with pinpad.', 'Disconnect and restart', 1),
	(92, 1, '2020-10-29', '13:13:47', 0, 1, 'Nirosha', 67, 12, '15097PP20497867', NULL, 9, 33, 'Gavriel 0276756206 \r\nTID : 10074136 \r\nHave Bluetooth connected and its green, the terminal is not connecting, have tried restart\r\n\r\nOrganised replacement device', '', '', 1),
	(94, 1, '2020-10-29', '15:32:34', 0, 0, 'Abhi', 70, 10, '20314612', 40, 11, 37, 'Transmission error.', 'Transmission error because wasn\'t on TMS.', 'The created terminal on TMS and asked to contact TMS. ', 1),
	(95, 1, '2020-10-29', '16:42:22', 0, 0, 'Elen', 48, 10, '', NULL, 11, 37, '', 'How to get letters?', 'Press any number and press FUNC to change letter from number.', 1),
	(96, 1, '2020-10-30', '11:08:36', 0, 0, 'Steav', 20, 15, '', NULL, 11, 37, ' (Only Instructed.....)', 'NITRO -> Man pan not allowed.', 'Could be card faulty.', 1),
	(97, 1, '2020-10-30', '12:38:55', 0, 0, 'Umesh', 64, 21, '22350960', NULL, 1, 11, 'Checking ICT TEL act 010', '', '', 1),
	(98, 1, '2020-10-30', '13:04:10', 0, 0, 'Danial', 16, 16, '', NULL, 11, 37, '', 'Unionpay supports in this terminal?', 'Yes', 1),
	(99, 1, '2020-10-30', '15:27:30', 0, 0, 'Owen', 64, 9, '21022335', NULL, 11, 37, 'In case of error: remove DCC, ACTIVATA, IDLE.', 'How to do USB software upgrade for 16MB?', 'Stage 1 16MB,\r\nStage 2,\r\nStage 3 16MB,\r\nStage 4.', 1),
	(100, 1, '2020-10-30', '15:51:35', 0, 0, 'Nakul', 67, 12, '15065PP20479121', NULL, 11, 37, '10067835', 'Required key release.', 'Called paymark.', 1),
	(101, 1, '2020-11-02', '10:38:06', 0, 0, 'Richard', 41, NULL, '', NULL, 11, 37, '', 'Showing Disable Posgate when press F 76.', 'Performed F 66 to disable Posgate.', 1),
	(102, 1, '2020-11-02', '10:46:49', 0, 0, 'Daniel', 5, 14, '01548382', NULL, 11, 37, 'Asked Paymark for;\r\nWhen last RKi has done? - 30 OCT 2020\r\nTID attached with which serial? M5:47119379\r\n', 'Got 6 offline transaction -> On Logon -> Processing now and goes Try again.\r\nTID: 46597602\r\n', 'Did IP ping test.\r\nStill not working, calling Paymark', 1),
	(103, 1, '2020-11-02', '10:58:56', 0, 0, 'Christ ', 2, 9, '', NULL, 11, 37, 'Instructed but kind of Resolved', '(Flash full ) How to do software upgrade through USB.', 'Press F4 to get in LLT mode to get an upgrade through USB.', 1),
	(104, 1, '2020-11-02', '11:08:46', 0, 0, 'Christ', 2, 9, '', NULL, 11, 37, '', 'Flash full', 'Send to SKyzer', 1),
	(105, 1, '2020-11-02', '11:48:20', 0, 0, 'Gavin', 31, 15, '13402472', NULL, 11, 37, 'Multi merchant > M4 > Swipe card > get decline\r\n\r\nPinpad : No\r\nTried other cards: Yes\r\nChip card error: Yes\r\nSwipe: Decline / Card not accepted\r\nCard Type tried: Visa.\r\nStarted from since: weekend\r\n\r\n----\r\nWhen Gavin call:\r\nplease ask to perform M->SupMenu-> Extra -> 7 It will print the receipt and ask Gavin to send it through EMail and also ask to first 6 digit of cards which they tried.\r\n\r\n12/11/2020\r\nhe came on-site and Kishan spoke with him Kishan got that terminal. \r\n\r\n4/12/2020\r\nKishan followed-up with customer, looks like it is resolved.\r\n\r\n', 'Multimerchant issue', 'Raised issue in support\r\n\r\n', 1),
	(106, 1, '2020-11-02', '12:18:22', 0, 0, 'Danial', 5, 14, '', NULL, 11, 37, '', 'Activate payway?', 'F 7418 -> 7 -> ENTER', 1),
	(107, 1, '2020-11-02', '12:34:52', 0, 0, 'Dew', 20, 17, '', NULL, 11, 37, '', 'SIM 1 and No Micro?', 'Yes', 1),
	(108, 1, '2020-11-02', '12:57:37', 0, 0, 'Tonney', 29, 9, '21427823', NULL, 11, 37, '16MB : s/w upgrade > LLT > USB device:  > 324 R2 \r\n\r\n\r\nWill ring back \r\n\r\n \r\n\r\n', 'Just showing CONF_STAGE 1 on F4', 'Asked to try with other Pendrive', 1),
	(109, 1, '2020-11-04', '09:30:46', 0, 0, 'Nirosha', 67, 18, '180387313191054102321520', NULL, 9, 33, 'TID: 07242701\r\nCallback: 021718102\r\n', '', '', 1),
	(110, 1, '2020-11-04', '10:35:25', 0, 0, 'Carry', 52, NULL, '', NULL, 11, 37, '', 'From where we can download the latest NITRO and drivers?', 'DealerZone\r\nhttps://www.skyzer.co.nz/dealerzone/interfaced/nitro-installation-package/', 1),
	(111, 1, '2020-11-04', '11:57:22', 0, 0, 'Janiral', 2, 10, '', NULL, 11, 37, '2 Degrees M2m sim -> Configuration error\r\nF 3824:\r\nTerminal ID : 67425543\r\nMID: 10674255043\r\nCOMMS: GPRS\r\nService: 2 Degrees\r\n33876\r\nDNS: YEs\r\nGPRS1.paymark.nz\r\n\r\n\r\n\r\n', 'Configuration error', 'Still issue. Cust is doing double-check with 2 Degrees', 1),
	(112, 1, '2020-11-04', '12:23:44', 0, 0, 'Sonia', 41, NULL, '', NULL, 11, 37, '', 'Eposnow can be integrated with Ingenico Terminals?', 'No, as it is not certified through Skyzer.', 1),
	(113, 1, '2020-11-04', '12:27:38', 0, 0, 'David', 66, 14, '', NULL, 9, 32, '', '', '', 1),
	(114, 3, '2020-11-04', '13:38:58', 0, 0, 'Nirosha', 67, 12, '', 16, 2, 12, 'Auckland Natural Health Group TID 10111966 3rd lane, Did all the troubleshooting and couldn\'t do RKI therefore advised Customer that we are going to re arrange an replacement device for them also advised Esther to let KIWI bank know about this. \r\n\r\n(Remote in it please try again)', '', 'Arranging a Replacement. ', 1),
	(116, 1, '2020-11-04', '16:34:53', 0, 0, 'Missed', 10, 14, '', NULL, 11, 37, '', 'Disable credit card ?', 'F 11 > password: 8099', 1),
	(117, 1, '2020-11-05', '12:20:19', 0, 0, 'Carry', 49, 14, '01167937', NULL, 1, 10, '', '', '', 1),
	(118, 1, '2020-11-05', '12:32:51', 0, 0, 'Dein', 2, 14, '', NULL, 10, 35, 'CARCLESOST, 981fwe, h6it76', '', '', 1),
	(119, 1, '2020-11-05', '13:38:39', 0, 0, 'Martin lowe', 16, NULL, '', NULL, 11, 37, '', 'Just ask to do follow Up', 'Just ask to do follow Up', 1),
	(121, 3, '2020-11-05', '14:26:51', 0, 0, 'Skybus', 38, 21, '', NULL, 11, 37, 'Darrel called in from Skybus to advised that their terminal is not working transferred the call to Gareth since it is Cooperate. ', 'Terminal not working.', 'Transferred the call to Gareth and to arrange a Tech onsite. ', 1),
	(122, 1, '2020-11-05', '15:08:23', 0, 0, 'Missed', 2, NULL, '', NULL, 11, 37, '', 'Kounta POS certified through skyzer?', 'No', 1),
	(123, 1, '2020-11-05', '16:43:10', 0, 0, 'Dave', 2, NULL, '', NULL, 4, 19, 'Print name: NPT', '', '', 1),
	(124, 1, '2020-11-06', '09:09:30', 0, 0, 'Dave', 2, NULL, '', NULL, 11, 37, '', 'Keyword for default/eftpos printer', 'KEYWORD: NPT', 1),
	(125, 3, '2020-11-06', '11:00:45', 0, 0, 'Howard', 20, NULL, '', NULL, 3, 16, 'Howard wanted to know the Func that enables the Pinpad.', '', '', 1),
	(126, 1, '2020-11-06', '11:11:03', 0, 0, 'Nakul', 67, 18, '191867313071053910122903', NULL, 9, 33, 'Switched Android to IOS\r\nTID: 06393601\r\nCallback: 0212935961\r\n', '', '', 1),
	(127, 3, '2020-11-06', '11:31:27', 0, 0, 'Charlotte', 67, 12, '', 16, 2, 12, 'Charlotte called in for the TID 10106092, having an issue where they need to do RKI and Release the keys. ', '', '', 1),
	(128, 1, '2020-11-06', '13:43:25', 0, 0, 'Steve', 20, NULL, '', NULL, 11, 37, '', 'Password for Tellium manager?', 'M - 0 - 6988', 1),
	(129, 1, '2020-11-06', '16:31:40', 0, 0, 'Bil', 26, NULL, '', NULL, 10, 35, 'GPOS POS SYSTEM, Transferred to Vineel ', '', '', 1),
	(130, 1, '2020-11-09', '09:35:32', 0, 0, 'Jacob', 11, NULL, '22496564', NULL, 11, 37, 'TID: 68269301\r\nSNO: 22496564\r\n\r\nResolved by Kishan', 'R on Screen, Did LogoN still there R', 'Tried F 88. ', 1),
	(131, 3, '2020-11-09', '10:19:02', 0, 0, 'Albert', 13, 9, '23803320', 13, 1, 11, 'Albert called in to advise that terminal is not contacting TMS,\r\n\r\n', '', 'Advised him to change the system size to 16MB since it was sitting on 10MB and then contact TMS again.', 1),
	(132, 1, '2020-11-09', '10:23:24', 0, 0, 'Neithan', 19, 16, '11680766', NULL, 11, 37, 'shf298, tn185f, y4hc63', 'NITRO Softwares  for THREE PC.', 'Shared through Teamviewer for THREE PC. [Also suggest to download through DealerZone]', 1),
	(133, 3, '2020-11-09', '11:47:53', 0, 0, 'Richard', 48, NULL, '', NULL, 5, 23, 'Richard wanted to know whether the Customer can use the Surcharge advised "Yes" and it is only by % ?', '', 'Advised that it is configured by %. ', 1),
	(134, 1, '2020-11-09', '13:32:53', 0, 0, 'Joa', 41, NULL, '', NULL, 11, 37, '', 'What is the current software version, is it 2018?', 'yes', 1),
	(135, 6, '2020-11-09', '15:55:49', 0, 0, 'Jacob', 92, 21, '', 40, 11, 37, 'Not Uploading reversal ', 'Terminal Stuck on reversal and not going away even after Logon get accepted', 'Advised Jacob to send terminal to Skyzer.', 1),
	(136, 3, '2020-11-09', '15:59:11', 0, 0, 'John', 92, NULL, '', NULL, 5, 22, 'Jong wanted to know how to add tipping to the terminal and also wanted to know the %', '', 'Advised him as per the Operating Guide 2018.', 1),
	(137, 3, '2020-11-09', '16:13:14', 0, 0, 'Bobby', 41, 21, '', NULL, 7, 28, 'Bobby wanted to config Activata', '', 'Guided him through the Funcitons.', 1),
	(138, 1, '2020-11-09', '15:46:56', 0, 0, 'Alen', 41, 16, '', NULL, 10, 35, 'Tried COM1,2,3,4,5. (Restart PC, Services, Terminal)\r\nStill not working\r\n\r\n12/4/2020\r\nHaven\'t heard back since 9/11/2020, believe resolved', '', '', 1),
	(140, 3, '2020-11-10', '09:02:05', 0, 0, 'Bria', 38, NULL, '', NULL, 11, 37, 'Bria called in and advised that her Terminal is not working she said she is calling from Repco store. ', 'Advised to call Skyzer Payments.', 'Advised her about the Skyzer Payments 0800 number.', 1),
	(141, 1, '2020-11-10', '10:36:14', 0, 0, 'Umesh', 64, 21, '21474649', NULL, 11, 37, '', 'After service terminal does not have NITRO activated.', 'Gave NITRO key over the phone : Key: 1073841', 1),
	(142, 3, '2020-11-10', '11:34:16', 0, 0, 'Mark', 20, 21, '24578690', NULL, 11, 37, 'Mark from Ecosse Business Systems called in wanted to know when they bought the Terminal. ', 'Terminal Ownership. ', 'Got his number to pass it on to Duncan to call back and informed him with the relevant information. ', 1),
	(143, 1, '2020-11-10', '11:40:50', 0, 0, 'Carry', 55, NULL, '', NULL, 11, 37, '', 'Do I need separate Pendrive for TETRA software and TELIUM?', 'Somehow Yes, but you can do one by one. nut make sure with folder name should be TELIUM3. ', 1),
	(144, 3, '2020-11-10', '12:42:47', 0, 0, 'Jerry', 49, NULL, '', NULL, 11, 37, 'Wanted to get in touch with Vineel, Advised that he is on a leave today.', 'Jerry advised that he will call Vineel.', 'Jerry advised that he will call Vineel.', 1),
	(145, 1, '2020-11-10', '14:01:59', 0, 0, 'Nirosha', 67, 12, '15170PP20562826', NULL, 9, 33, 'TID: 10251956, Did restart only.', '', '', 1),
	(146, 1, '2020-11-10', '15:44:58', 0, 0, 'Abhi', 70, 21, '', NULL, 10, 35, 'INTERFACE COM PORT: 1 Changed to 2 USB.', '', '', 1),
	(147, 1, '2020-11-10', '16:06:02', 0, 0, 'Alan', 48, 15, '', NULL, 11, 37, '', 'Required user guide for DESK5000', 'Send "Quick guide for TETRA" on alan.pratt@eftpos-specialists.co.nz', 1),
	(148, 1, '2020-11-11', '09:07:52', 0, 0, 'Dain', 2, 9, '24579140', NULL, 11, 37, '', 'To whom it belongs to?', 'TODAY SOFTWARE', 1),
	(149, 3, '2020-11-11', '09:08:41', 0, 0, 'Peter', 37, 14, '01780950', 26, 1, 11, 'Peter wanted to pair the base with Move 5000,\r\nAlso wanted to upgrade the Software of 2 Moves 5000s.', 'Pairing issue and Contacting TMS.', 'Guided him through the process.', 1),
	(150, 1, '2020-11-11', '09:39:41', 0, 0, 'Mohit', 35, 9, '24579140', NULL, 11, 37, '', 'Showing "Contact help desk"? ', 'Try to contact TMS F 2468', 1),
	(151, 1, '2020-11-11', '10:01:16', 0, 0, 'Umesh', 64, 21, '', NULL, 11, 37, '', 'Alert Irruption and stuck 24 transactions?', 'Can not get back those 24 transactions and send it to service Skyzer for service. ', 1),
	(152, 1, '2020-11-11', '10:28:20', 0, 0, 'Nirosha', 67, 12, '15100PP20501334', NULL, 11, 37, 'TID: 10063632\r\nPayway, Swipe.  \r\n\r\nPaymark: \r\nLast transaction: 10/11/2020\r\nSHA1 OR SHA2: SHA1\r\n\r\n\r\n\r\n', 'While doing transaction goes to processing now and shows INVALID MERCHANT.', 'Did RKI-RELEASE_LOGON still not worked.\r\nWe did email to Kiwibank and let them know that just do double-check whether BNZ has enabled card types on this TID or not as we got a suggestion from PAYMARK.', 1),
	(153, 1, '2020-11-11', '13:46:17', 0, 0, 'Helly', 45, 9, '', NULL, 11, 37, '', 'Can we print two days old transaction in iCT220?', 'No', 1),
	(154, 1, '2020-11-11', '14:32:06', 0, 0, 'Jerry', 42, 16, '', NULL, 11, 37, '', 'How to activate WIFI?', 'F 71, F 72.', 1),
	(155, 1, '2020-11-11', '14:44:04', 0, 0, 'Stev', 20, 10, '', NULL, 11, 37, '', 'IWL250 B/T which COM shall use? ', 'COM0', 1),
	(156, 1, '2020-11-11', '14:49:28', 0, 0, 'Jerry', 42, 16, '04191997', NULL, 11, 37, '', 'Can\'t contact TMS and RKI on WIFI', 'Make sure wifi does have internet. Asked to switch on TCP and check the internet and let\'s see.', 1),
	(157, 1, '2020-11-11', '15:12:38', 0, 0, 'David', 39, 14, '01168048', NULL, 11, 37, 'Restarting on transaction\r\n\r\nINFO:\r\nReceived: 3 Year ago.\r\nThere was an issue before on 346 R3 then did the latest software before 2 weeks but then after one week still same issue there. \r\nStandalone.\r\nIssue: Insert chip card, Swipe card. \r\nOften: Not on each transaction.\r\nTipping enable. \r\n\r\n\r\n ', 'Restarting on transaction', 'Sending terminal to Skyzer and asked for attention to JAY.', 1),
	(158, 1, '2020-11-11', '15:32:01', 0, 0, 'Lores', 20, 11, '', NULL, 11, 37, '', 'IWL252: COM0?', 'YES', 1),
	(159, 1, '2020-11-11', '00:00:00', 0, 0, 'Sid', 41, 11, '', NULL, 11, 37, '', 'IWL252 paired -> Not getting Internet?', 'F 9904 -> Failed, suggest to check Ethernet. Did reconfigured and solved', 1),
	(160, 1, '2020-11-11', '15:46:19', 0, 0, 'Sid', 41, 11, '', NULL, 11, 37, '', 'On activate payway INTERNAL or USB?', 'INTERNAL', 1),
	(161, 6, '2020-11-12', '08:58:57', 0, 0, 'Phill', 27, 16, '', NULL, 10, 35, 'Terminal showing check lost with cash register\r\nIssues with old NItri \r\nInstall latest Nitro.', '', 'Install Latest Nitro V.5.3.0 and latest USB driver resolved the issue. ', 1),
	(162, 1, '2020-11-12', '09:07:18', 0, 0, 'Phill', 27, NULL, '', NULL, 11, 37, 'Helped through teamviewer', 'How to setup printer to the terminal itself.', 'PRINTER: NPT', 1),
	(163, 1, '2020-11-12', '11:10:39', 0, 0, 'David', 39, 11, '22722123', NULL, 11, 37, 'NITRO\r\nSNo: 22722122\r\nTID: 61564606\r\nM: 10615646006\r\nTCP/IP\r\n\r\nRequired key \r\n1.xtra\r\n2.INIT\r\n3.Keys\r\n\r\nUpdated through email and over the phone after checked with Production', 'RKI ->Processing Now -> Try Again. ', '0223579843\r\n\r\nCheck with production.\r\n\r\nUpdated through email and over the phone after checked with Production', 1),
	(164, 1, '2020-11-12', '11:19:49', 0, 0, 'Shallen', 67, 18, '172977313071053901935180', NULL, 9, 33, 'TID: 10105943\r\n', '', '', 1),
	(165, 6, '2020-11-12', '11:32:47', 0, 0, 'David', 34, 15, '', NULL, 11, 37, 'Pinpad screen goes blank \r\nHappened 2 3 times in a day.\r\n2 in particular complained\r\nBoth standalone terminal : 07376730/Desk 3200\r\n                                            84165962 / PINPAD\r\n\r\nCOMMS-MODE :-TCP/IP\r\nFish and chips shop\r\nDavid replace terminal with ICT/250 and currently it is working fine without any issues.', 'Pinpad screen goes white.\r\nNot the terminal.', 'Advised David to return particular terminal to Skyzer for in house testing. \r\n4 PM to 8 PM\r\n', 2),
	(166, 3, '2020-11-12', '11:38:50', 0, 0, 'David', 39, NULL, '', NULL, 2, 13, 'David from Remedy called in and wanted to speak with Jay.', '', 'Transferred the call to Jay.', 1),
	(167, 1, '2020-11-12', '12:20:21', 0, 0, 'Umesh', 64, 21, '21442069', NULL, 11, 37, '', 'NITRO has not been activated after been through Skyzer.', 'Confirm with compliance and given key: 1060073', 1),
	(168, 1, '2020-11-12', '12:33:44', 0, 0, 'Tec', 30, 9, '24109000', NULL, 11, 37, '', 'Is active? Also, asked last contact TMS?', 'No,  13 SEP 2019', 1),
	(169, 3, '2020-11-12', '14:28:13', 0, 0, 'Sonia', 46, 21, '23443225', NULL, 11, 37, 'Sonia called in to get more info about the terminal whether it is 3G or not.', 'Advised Sonia.', 'Advised her as per the Sybiz that is not a 3G terminal.', 1),
	(170, 1, '2020-11-13', '11:17:04', 0, 0, 'Danial', 5, 21, '', NULL, 10, 35, 'Serial, Installed the latest drivers and software. Up and running', '', '', 1),
	(171, 3, '2020-11-13', '15:55:24', 0, 0, 'David', 66, 9, '24579058', NULL, 1, 11, 'David called in and advised that he is having an issue with contacting TMS.', '', '', 1),
	(172, 3, '2020-11-13', '16:02:11', 0, 0, 'Umesh', 64, 21, '21162321', NULL, 1, 10, 'Umesh called in wanted to change the logo back to "Pos Technology Logo"', '', 'Pointed the terminal to the correct logo and advised him to contact TMS.', 1),
	(173, 1, '2020-11-13', '16:01:55', 0, 1, 'Nirosha', 67, 12, '15097PP20497851', NULL, 11, 37, '03 525 0060', 'Unable to do merchant log on.', 'Wifi had firewall blockage. Switched to mobile data and up and running.', 1),
	(174, 1, '2020-11-13', '16:31:42', 0, 0, 'Jao', 41, 21, '', NULL, 5, 23, '', 'Does Surcharge apply on Interface?, Surcharge will apply on which cards?', 'No, On credit cards and debit card if payway', 1),
	(175, 3, '2020-11-16', '08:53:12', 0, 0, 'Daniel', 44, NULL, '', NULL, 11, 37, 'Daniel called in to find out more info regards to a Terminal deactivation. He wanted to know when it was deactivated.', 'Transferred the call to Compliance.', 'Transferred the call to Compliance.', 1),
	(176, 1, '2020-11-16', '09:58:09', 0, 0, 'Sushi', 41, 15, '', NULL, 11, 37, '', 'How to enable Payway in Desk3200 with Pinpad?', 'Enabled CTL, Did Logon and Restart. That\'s all.', 1),
	(177, 3, '2020-11-16', '11:02:04', 0, 0, 'Lewis', 4, NULL, '', NULL, 11, 37, 'Lewis advised that he got 4 Pin pads sitting on Smiley face even though it has been through service and resetting process here at Skyzer.\r\n\r\nTerminals that he connected are ICT 250 and ICT 220.', 'Pin pad sitting on Smiley face, Even though it has been through the resetting process here at Skyzer.', 'Advised Lewis to sent it back to Skyzer adding a special note "Attn Ash" therefore needed to be tested in house. ', 1),
	(178, 6, '2020-11-16', '11:17:29', 0, 1, 'Gavin', 31, 15, '13402472', 37, 11, 37, 'Bypass the account selection on multi merchant terminal. \r\nIssue happened intermittently .', 'Bypasses the account selection on terminals.\r\nWhen issue happened on one terminal Gavin swap terminal with another Desk/3200 and same issue occur after one week.', 'Nilesh advised to send terminal back to Gavin and Skyzer has to follow up Gavin for the issue after month.\r\n\r\nFollowed up with Gavin on 4/12/2020 and as per him he deployed another Desk/3200 on site with same setup and thsi terminal is working fine without any issues. ( he haven\'t heard anything back from customer after swap out with another Desk/3200)', 2),
	(179, 1, '2020-11-16', '11:30:01', 0, 0, 'Soul', 27, 16, '02981901', NULL, 11, 37, '', 'Enable payway?', 'F -> 7418 -> 7 Enabled, Logon, Restart. Should be fine. (Instructed)', 1),
	(180, 3, '2020-11-16', '11:29:47', 0, 0, 'Alan', 48, NULL, '', NULL, 11, 37, 'Alan called in regards to Nitro, He wanted help with the installation of Nitro software, ', 'Nitro Installation ', 'Connected Via Team viewer to show him how it is done.\r\n\r\nSent the Nitro installation guide to his E mail as he requested. \r\n', 1),
	(181, 1, '2020-11-16', '12:00:35', 0, 0, 'Alan', 48, NULL, '', NULL, 10, 35, '', '', '', 1),
	(182, 1, '2020-11-16', '12:53:02', 0, 0, 'David', 39, 10, '', NULL, 11, 37, 'TID; 08773301', 'IWL255: After Skyzer repaired: NITRO: Payway not working.', '1. Asked him to do Logon and try. \r\n2. Disable NITRO, RERKI, Release, Logon still. \r\n3. Called paymark and asked Paymark says doesn\'t have pay way on this terminal ID. (Customer says the same terminal ID is working fine with pay way for other terminals, asked a customer to double-check with Paymark if they want)\r\n', 1),
	(183, 3, '2020-11-16', '14:24:23', 0, 0, 'Haiden', 10, NULL, '', NULL, 11, 37, 'Haiden called in wanted to know how to do  Settlement Inquiry on the Move 5000.', 'How to do settlement inquiry?', 'Advised and guided him through. ', 1),
	(184, 1, '2020-11-16', '15:27:59', 0, 0, 'Dasi', 49, 9, '21869786', NULL, 11, 37, '', 'TID: 1047726301\r\nLogon -> processing now -> does 1 to 6 EMV everytime. ', 'Spoke with paymark, was wrong with Paymark end.', 1),
	(185, 3, '2020-11-17', '08:59:24', 0, 0, 'Daniel', 44, 14, '01132814', 37, 9, 32, 'Daniel called in for an issue with a Move 5000, he could not pair the base with the Terminal so he can connect it Casio cash register.', '', 'Guided him through the steps.', 1),
	(186, 1, '2020-11-17', '10:04:24', 0, 0, 'Carr', 49, 21, '', NULL, 10, 35, 'Had old software and drivers, Installed latest and now up and running.', '', '', 1),
	(187, 1, '2020-11-17', '10:45:53', 0, 0, 'carry', 49, 14, '11350815, 16853911 ', NULL, 1, 10, '', '', '', 1),
	(188, 1, '2020-11-17', '12:07:52', 0, 0, 'Nathen', 19, NULL, '', NULL, 11, 37, 'TPass: 5zyf11', 'Asked for latest NITRO 5.3.0', 'Gave through Teamviewer (Suggested to download though Dealer Zone but he said he is on site can\'t do)', 1),
	(189, 1, '2020-11-17', '12:15:16', 0, 0, 'Chris', 90, 9, '', NULL, 11, 37, '', 'TID: 24137601\r\nMerchant enable credit card from bank -> When try to transaction not showing any Credit card option.', 'Suggest performing F 11 to enable credit card. (Just noted by dealer)', 1),
	(190, 1, '2020-11-17', '12:29:24', 0, 0, 'Nathen', 19, 9, '', NULL, 10, 35, 'Pass: 15f9ck, 4khm86, 4khm86, ff65h5, 8a49hm', 'Logon: Processing Now: try again.\r\n', '- Restarted PC and EFTPOD\r\n- Asked to do RERKI\r\n- As PAYMENT EXPRESS EFTPOS is there we can\'t do much, asked to contact payment express for uninstalling it first.\r\n- payment Express said should be fine as it is expired.\r\n- Uninstalled NITRO & Driver  -> Installed those again. Resolved', 1),
	(191, 1, '2020-11-17', '13:43:43', 0, 0, 'Das', 12, 15, '', NULL, 11, 37, 'Gonna send back to skyzer.', 'LogOn: Showing try again', 'Did the IP ping test goes Failed.', 1),
	(192, 1, '2020-11-17', '15:53:35', 0, 0, 'Sid', 48, 11, '', NULL, 11, 37, '', 'B/T base losing internet connection.  So the question is; do need to keep terminal on base while using the internet?', 'No, as long as the terminal is in range internet should be fine doesn\'t matter whether the terminal is sitting on the base or not.\r\n(Customer han\'t been on site so just wanted to know)', 1),
	(193, 1, '2020-11-17', '15:56:06', 0, 0, 'David', 66, 16, '13429997', NULL, 11, 37, 'Does support AliPay and UnionPay?\r\nYes\r\n\r\nSent Chinese payment form to david@hutchisson.co\r\n', 'Can\'t do RKI.', 'IP ping test failed, he switched to wifi and suggested steps to configure. ', 1),
	(194, 3, '2020-11-17', '16:39:47', 0, 0, 'Brooke', 94, 22, '', 39, 11, 37, 'Brooke called in to advised that they have 99 plus pending transactions / Reversals on one of the terminals that they use onsite since they have RKI the same terminal ID on the same site. Wanted to speak with Nilesh advised him to that will notify Nilesh to call him back ones he come back tomorrow morning.', 'Pending Transactions / Reversals', 'Will notify Nilesh to call back Brook as soon as he can when he comes on 18/11/2020.', 1),
	(195, 1, '2020-11-18', '10:27:07', 0, 0, 'Alen', 48, NULL, '', NULL, 5, 23, 'On which situation surcharge will apply?', '', '', 1),
	(196, 3, '2020-11-18', '10:48:23', 0, 0, 'Abby', 2, 10, '20664744', 28, 11, 37, 'Abby called in advised that he was trying to a log on and it gives "Power Failure Merchant Log On Declined", Pending transactions are there too, Abby said the terminal is multi merchant and he could not remember the other TID.\r\n  \r\nHe only gave this one - 0664702\r\n', 'Power failure caused pending transactions.', 'Advised him to make sure the 2 degrees sim card has enough credits in it and to get the other TID and check with Paymark whether either of them has been RKId on somewhere else or not.', 1),
	(197, 1, '2020-11-18', '11:13:08', 0, 0, 'James', 37, 21, '26472182', NULL, 11, 37, '\r\n', 'Modem error.', 'IP Ping test failed, even that customer believed does have 100% internet connection. (Now he gonna do s/w upgrade through USB)', 1),
	(198, 1, '2020-11-18', '11:53:45', 0, 0, 'Carry', 54, NULL, '', NULL, 11, 37, '', '"XchangePoint POS" does support NITRO', 'YES', 1),
	(199, 1, '2020-11-18', '12:05:31', 0, 0, 'Tarry', 45, 21, '', NULL, 5, 23, '', 'Any way to stop surcharge on Payway?', 'No', 1),
	(200, 1, '2020-11-18', '13:41:36', 0, 0, 'james', 37, 21, '26461747', NULL, 11, 37, '', 'Check how long gonna take to download the latest software on SIM.', 'Seems like 70% had been done but still all depends on SIM and Network coverage, can\'t say the exact time.', 1),
	(201, 1, '2020-11-18', '13:57:58', 0, 0, 'Andy', 33, 14, '', NULL, 11, 37, '', 'How to enable WIFI?', 'F 71, F 72 (Instructed)', 1),
	(202, 1, '2020-11-18', '14:08:17', 0, 0, 'Andy', 33, 16, '', NULL, 11, 37, '', 'How to active CTL?', 'F 7418 - 7, do logon and restarted.', 1),
	(203, 3, '2020-11-18', '13:41:54', 0, 0, 'Jonathan', 70, 21, '', NULL, 10, 35, 'Nitro issue \r\n\r\nError message - : "Failed to close docket connect error" \r\n\r\nPos System Name - Xchange Pos ', '', 'Installed new Nitro version and was up and running, All configured from Nitro side, Advised her to call POS guys to configure it from the POS end.', 1),
	(204, 1, '2020-11-18', '15:30:41', 0, 0, 'Daniel', 16, 14, '', NULL, 11, 37, 'Instructed by the support team.', 'After a standby timeout goes sleep mode, then when they send a transaction from IdealPOS to the terminal is not going through.', 'The only way to do that is to increase the timeout to make it work.', 1),
	(205, 1, '2020-11-18', '15:45:25', 0, 0, 'Avi', 2, NULL, '21971451', NULL, 11, 37, 'A customer recently got that terminal though Skyzer upgrade so gonna charge for repair now?\r\nTransferred call to service regarding those questions.', 'Showing Unauthorized on screen.', 'Send us to Skyzer for repair.', 1),
	(206, 3, '2020-11-18', '16:56:30', 0, 0, 'omesh', 64, 21, '24501455', 40, 1, 10, 'Omesh called in and requested to assign the Pickle Jar logo to the terminal.', '', 'Request Completed. Logo Assigned. ', 1),
	(207, 3, '2020-11-19', '10:28:04', 0, 0, 'Sid', 48, 9, '24579769', 13, 7, 27, 'Sid wanted to know how to do E pay transactions with the particular Terminal. Advised him to call Activata 1st to get an Activata ID and then call us back for the Configuration. ', '', '', 1),
	(208, 1, '2020-11-19', '11:07:07', 0, 0, 'Missed', 45, 11, '21039152', NULL, 11, 37, '', 'DID RKI, Release, but can\'t do LOGON', 'Can you do reconfigured and try (Instructed as he doesn\'t have terminal)', 1),
	(209, 3, '2020-11-19', '00:00:00', 0, 0, 'Steven', 5, 11, '', NULL, 11, 37, 'Steven called in from Calnar Tauranga to check on several serial numbers which he wanted to check and when he is going to get those back.', 'Nitro Communication. ', 'Transferred the call to Service Department. ', 1),
	(210, 3, '2020-11-19', '14:34:17', 0, 0, 'James', 36, 10, '21039294', 40, 11, 37, 'James called into advise that they are having an issue with Vodafone sims recently.\r\n\r\nTerminals he tried - Move 5000 IWl and ICT 250\r\n \r\nWhen select Vodafone under F+3824 it gives Transmission error when RKI.\r\n\r\nPrevious GPRS _ Processing now then transmission error, James will call back after checking with Paymark regards to their TID.', 'Transmission Error.', 'James will call back. ', 1),
	(211, 1, '2020-11-19', '16:06:02', 0, 0, 'Missed', 22, 21, '20401901, 20401681', NULL, 1, 11, 'Changed F 2467 configurations', '', '', 1),
	(212, 1, '2020-11-19', '16:18:09', 0, 0, 'Jacob', 11, NULL, '60403560', NULL, 11, 37, '', 'Is it belongs to ACR?', 'Not in our system at all we can\'t tell that.', 1),
	(213, 1, '2020-11-19', '16:55:30', 0, 0, 'James', 36, 16, '02985911', NULL, 11, 37, '', 'Check whether it is on the latest software?', 'Yes', 1),
	(214, 1, '2020-11-20', '10:26:21', 0, 0, 'Tom', 11, 10, '21686591', NULL, 11, 37, 'Back of machine: 21686591 , Terminal 21039011', 'Not doing RKI.', 'Before we solve issue, told customer this terminal does not belong to you.', 1),
	(215, 1, '2020-11-20', '12:59:11', 0, 0, 'Haden', 10, 21, '26188507', NULL, 5, 23, 'Emailed ICT manual hyden@aceofficeproducts.co.nz', '', '', 1),
	(216, 1, '2020-11-20', '13:57:19', 0, 0, 'Anthanath', 47, NULL, '', NULL, 11, 37, '', 'shopify works with Ingenico?', 'No', 1),
	(217, 3, '2020-11-20', '14:07:40', 0, 0, 'Chris', 2, 14, '', NULL, 10, 35, 'Installing Desk 5000 (Nitro)  Chris wanted to know when he installed the Desk 5000 would he be able to connect via WIFI?', '', 'Advised him he can use WIFI but he needs to use a USB or Serial cable in order to connect the Terminal. ', 1),
	(218, 3, '2020-11-20', '14:19:54', 0, 0, 'Jacob', 11, 10, '21686635', 40, 11, 37, '2nd time customer pulls the card off R not getting uploaded. "Please try again"', 'Reversal.', 'Advised him to send the Terminal to investigate according to Nilesh. (Jacob called in on 26/11/2020 after my E mail, he advised that it is okay to clear it out the pending reversal got the confirmation from Jacob to clear it. ', 1),
	(229, 6, '2020-11-20', '15:21:47', 0, 0, 'Chris', 2, 15, '', NULL, 4, 18, 'Terminal showing check lost with cash register\r\nWas running on old Nitro version and old drivers.\r\n', '', 'Installed latest Nitro and drivers and that resolve the issue.', 1),
	(230, 6, '2020-11-20', '15:41:39', 0, 0, 'David', 66, NULL, '', NULL, 6, 24, 'Don\'t know how to set up multi merchant.', '', 'Perform Func + 7418 + press number 3 \r\nif user wants to set up 3 merchant , he / she has to press 123 +\r\nENTER', 1),
	(231, 1, '2020-11-20', '15:54:27', 0, 0, 'Andrew', 9, 14, '10808456', NULL, 2, 12, 'After switched to wifi every time when contact TMS getting a reboot. so customer coming to Skyzer on Monday so he will bring that terminal too so I\'ll personally look into it.', 'Transmission error.', 'Check F 2467 configuration, SIM has enough credit.\r\n\r\nSwitched to WIFI to check whether something wrong with SIM or terminal itself?\r\nResolved on WIFI.', 1),
	(232, 3, '2020-11-20', '16:34:02', 0, 0, 'Arafat', 54, 10, '21971099', NULL, 11, 37, 'Arafat called in to advised that this specific terminal is not downloading properly and it is taking so much time. ', 'Software Downloading.', 'Advised Arafat to do by via USB stick and try. ', 1),
	(233, 1, '2020-11-23', '10:03:33', 0, 0, 'Warak', 73, NULL, '', NULL, 5, 23, 'The surcharge doesn\'t work with NITRO.', '', '', 1),
	(234, 1, '2020-11-23', '10:39:39', 0, 0, 'Luice', 4, 11, '21928634', NULL, 11, 37, '', 'IWL 252: Transfailed serves 3', 'On TMS parameters were conflicting', 1),
	(235, 1, '2020-11-23', '12:29:18', 0, 0, 'Michal', 71, NULL, '', NULL, 5, 23, 'Does surcharge apply on NITRO?\r\nNo', '', '', 1),
	(236, 1, '2020-11-23', '13:27:37', 0, 0, 'Martin', 20, NULL, '21590277', NULL, 1, 9, 'Just wanted to check whether the terminal is on latest.', '', '', 1),
	(237, 1, '2020-11-23', '13:47:42', 0, 0, 'Gavin', 31, NULL, '25233467', NULL, 11, 37, '', 'M1: Insert: "Card Not Accepted"\r\nSwipe: Accepted\r\nPayway: N/A\r\n\r\n', 'Other merchants working fine.\r\nSame issue with other cards too.\r\nAsked him to do RERKI', 1),
	(238, 3, '2020-11-23', '14:05:55', 0, 0, 'Mark', 20, 9, '21590277', NULL, 1, 11, 'ICT 220 16MB Customer trying to do Func + 2468 getting Invalid header error.', 'Invalid Header.', 'Advised him to do Via USB stick after checking the memory size of the Terminal whether it is sitting on 10MB or not if it is not advised him to change it to 10MB.', 1),
	(239, 1, '2020-11-23', '14:59:41', 0, 0, 'Missed', 49, NULL, '', NULL, 11, 37, '', 'SQUARE\r\nETS\r\nare they certified through Skyzer?', 'NO', 1),
	(240, 1, '2020-11-24', '09:23:25', 0, 0, 'Sid', 48, 9, '22366266', NULL, 11, 37, '', 'IPP 310: Showing \'IKR maintenance Please do not disconnect\' ', 'It is just a software upgrade for Pinpad.', 1),
	(241, 1, '2020-11-24', '09:49:23', 0, 0, 'Mark', 20, NULL, '16853811,16853859', NULL, 11, 37, '', 'Trans error', 'Wasn\'t on TMS.', 1),
	(242, 1, '2020-11-24', '10:08:16', 0, 0, 'Mark', 20, 14, '', NULL, 11, 37, '16853811,16853859	', 'Failed init reader after successful TMS contact.', 'Need to ask Nilesh.', 1),
	(243, 1, '2020-11-24', '10:54:07', 0, 0, 'Chris', 4, 21, '26296201', NULL, 11, 37, '', '"IKR is progress please do not disconnect" awaiting since last half hour.', 'Contact TMS through GPRS, can\'t do much for this.', 1),
	(244, 1, '2020-11-24', '11:24:59', 0, 0, 'Ricahrd', 41, 11, '20286731', NULL, 11, 37, '', 'Upgraded recently from Skyzer: tried 3 cards: Spark M2M: Network bar not showing?\r\n', 'Asked to select Select service provider Spark but still not working,\r\n\r\nsending terminal to skyzer for repair.', 1),
	(245, 3, '2020-11-24', '11:30:34', 0, 0, 'David', 66, 9, '25233526', NULL, 1, 11, 'David advised that he already got the PIN pad and it is having a smiley face, Advised him to contact TMS  IKR release was downloading and smiley face was still there advised him to send the Pin pad back for the reset .   ', '', 'Advised David to send the Pin pad back to reset since it was already having Smiley face. ', 1),
	(246, 1, '2020-11-24', '11:42:26', 0, 0, 'Kevin', 66, 21, '25320073', NULL, 1, 42, 'IKR in progress.', '', '', 1),
	(247, 1, '2020-11-24', '13:33:08', 0, 0, 'Cherry', 47, 11, '', NULL, 11, 37, '\r\n', 'How to enable credit card? , how to keep light on all the time?', 'F 11 8097, M-0-TM-Initialization-Hardware-Backlight Duration set 9999.', 1),
	(248, 1, '2020-11-24', '14:28:43', 0, 0, 'Jonathan', 52, 21, '', NULL, 4, 41, '', '1. IWL252: Bluetooth pairing issue. Resolved \r\n2. NITRO invalid port\r\n3. IWL252: Not reading the USB stick.', '1. found terminal faulty.\r\n2.  Installed the latest software. \r\n3.  Copy the latest software of Telium to their Pendrive', 1),
	(249, 1, '2020-11-24', '16:53:27', 0, 0, 'Danial', 5, NULL, '', NULL, 11, 37, '', 'Requested for BER so can he get NITRO credits back?', 'Asked to call/email in compliance for that.', 1),
	(251, 3, '2020-11-25', '11:16:09', 0, 0, 'Charlotte', 67, 18, '', NULL, 11, 37, 'Remove card, Beeping. TID 10112049', 'Replacement organised.  ', 'Replacement organised.  ', 1),
	(252, 4, '2020-11-25', '11:59:25', 0, 0, 'ALBERT', 13, 9, '21721920', 28, 1, 11, 'terminal was in prevent download as per shani putted all of the terminals yesterday in prevent download. after editing TMS issue was fixed and able to terminal to contact TMS.', '', '', 1),
	(253, 3, '2020-11-25', '13:20:28', 0, 0, 'Gavin', 31, 14, '', NULL, 11, 37, 'Move 5000 config WIFI, Gavin wanted to enter the "Up arrow symbol" since that contains n the password.', 'Guided him through the Control panel (Back end of the Terminal and advised him to go to WIFI option).', 'Since there aren\'t any up arrow symbols on the key pad or the touch screen on the display when we go to WIFI settings from the back end advised Gavin that he might need to advise Customer to change their WIFI password. ', 1),
	(254, 4, '2020-11-25', '14:04:48', 0, 0, 'fen/feing', 12, 21, '26188499', NULL, 12, 38, 'terminal does not belong to activata but it was an activata customer -  he wants to look after this terminal from now on so I passed call to compliance AKA Duncan ', '', '', 1),
	(255, 3, '2020-11-25', '14:11:00', 0, 0, 'Jong', 92, NULL, '', NULL, 5, 21, 'Customer rental car company_ Hospitality, ', '', 'Advised Jong about the Hospitality and print out all the pending Hospo transactions, and advised him to go to Void to delete the holding amount since Customer don\'t wanna charge their Customers. ', 1),
	(256, 3, '2020-11-25', '14:21:24', 0, 0, 'Chris', 4, NULL, '', NULL, 11, 37, 'Chris wanted to speak with Nilesh.', 'Chris wanted to speak with Nilesh. ', 'Transferred the call to Nilesh. ', 1),
	(257, 1, '2020-11-25', '12:34:18', 0, 0, 'Deep', 40, 14, '', NULL, 10, 35, 'Interface:\r\nWas showing the unknown device in Device Manager, \r\nand installed the new driver.\r\nStill showing Unknown Device.\r\n\r\nAlso, seek help from Nilesh but after all the possible troubleshooting steps still, the issue is there. Tried different drivers as well.\r\n\r\nAsked customer to try with another base and let\'s see if there is a still issue let us know.\r\n\r\n8/12/2020\r\nUpdate to resolved as hadn\'t heard back anything.\r\n', '', '', 1),
	(258, 3, '2020-11-25', '14:29:13', 0, 0, 'Jong', 92, NULL, '', NULL, 5, 21, 'Jong called in to ask whether we are going to charge them for clearing the Hospo transactions. ', '', 'Transferred the call to Service. ', 1),
	(259, 4, '2020-11-25', '14:46:44', 0, 0, 'Mark', 20, 14, '16853990', NULL, 1, 11, 'N8 error - created the terminal in TMS and Fixed the issue', '', '', 1),
	(260, 4, '2020-11-25', '14:49:00', 0, 0, 'jonathan', 54, NULL, '', NULL, 1, 10, 'they just asked if it is possible to print the logo on the eftpos receipt.', '', '', 1),
	(261, 1, '2020-11-25', '14:35:17', 0, 0, 'Nirosha', 67, 18, '172767313191054101875345', NULL, 9, 33, 'TID: 10108138', '', '', 1),
	(262, 1, '2020-11-25', '14:53:32', 0, 0, 'Shivon', 5, 14, '01221293', NULL, 11, 37, '', 'Lane cable disconnect. As not paired with base.', 'Asked to paired with BT. But BT option is not there in the control panel as it doesn\'t have the latest software, then I asked to switch on WIFI but every time he does F 71 terminal is not getting enabled WIFI so the only option is left to do software upgrade through USb. ', 1),
	(263, 1, '2020-11-25', '16:11:18', 0, 1, 'Nirosha', 67, 18, '', NULL, 9, 33, 'TID: 10074136\r\n20479174 / TID: 07413602\r\n\r\nTried all the possible troubleshoot still not showing Bluetooth name on phone.\r\nSent an email for replacement.\r\n', '', '', 1),
	(264, 3, '2020-11-26', '09:28:40', 0, 0, 'Warrick', 73, 9, '26436524', NULL, 1, 42, 'Warrick called in regards to IKR he said terminal is sitting on "IKR maintenance" and wanted to know how long it is gonna sit there for?', '', 'Advised him it will take some time while on the phone call everything got updated and the process passed through. ', 1),
	(265, 1, '2020-11-26', '10:06:34', 0, 0, 'Abhi', 2, NULL, '22414547', NULL, 1, 42, 'IKR maintenance. Tasking long 10 min.    As per Christine request, Followed up with customer and result is issue was resolved after 15 minutes', '', 'All depends on the internet speed.', 1),
	(266, 1, '2020-11-26', '10:18:25', 0, 0, 'Gavid', 31, 14, '01586652', NULL, 11, 37, '', 'How it automatically changed WIFI to GPRS?', 'Someone must me did that but you can change it on F 3824 to 9-WIFI. Restart.', 1),
	(267, 1, '2020-11-26', '10:36:59', 0, 0, 'Gavin', 31, 14, '', NULL, 11, 37, '', 'How to we get ^ while password type?', 'M > Wifi > Scan network > here you can see all the alphabets on screen.', 1),
	(268, 1, '2020-11-26', '10:48:47', 0, 0, 'Steven', 38, NULL, '', NULL, 11, 37, '\r\n', 'Test card : decline  : 6367 1720 0000 0001\r\nCall from: Chorus', 'Paymark link is down now', 1),
	(269, 1, '2020-11-26', '11:01:44', 0, 0, 'Navi', 91, NULL, '', NULL, 11, 37, '\r\n', '10924401\r\nRelease keys', 'Done', 1),
	(270, 3, '2020-11-26', '11:01:52', 0, 0, 'David', 66, 9, '72122641', NULL, 1, 42, 'ICT 220 IPP 310, David advised after update pin pad showing :) face.', '', 'Sent him the Document for reference. And also advised him to not to contact via GPRS.', 1),
	(271, 1, '2020-11-26', '11:17:40', 0, 0, 'Daniel', 5, NULL, '', NULL, 10, 35, 'Seek help from Henry', '', '', 1),
	(272, 3, '2020-11-26', '13:37:32', 0, 0, 'Navi', 91, NULL, '', NULL, 2, 12, 'Navi wanted us to release the keys. TID - 10924402', '', '', 1),
	(273, 1, '2020-11-26', '14:55:22', 0, 0, 'Nirosha', 67, 18, '10122445', NULL, 9, 33, '10073984 / 07398401\r\n', '', 'Terminal wasn\'t live.', 1),
	(274, 3, '2020-11-26', '15:39:01', 0, 0, 'Vineel', 7, NULL, '', NULL, 11, 37, 'Vineel called into advised that we will be receiving a call from \r\nDison -  Business Applications\r\n', 'GPRS Issue, Move 5000 after repairing connecting GPRS dropping connection again. ', 'Repaired main PCB and GPRS module as per Vineel. \r\n\r\nVineel asked to troubleshoot when he calls.', 2),
	(275, 1, '2020-11-27', '09:02:49', 0, 0, 'Nathan', 19, NULL, '', NULL, 11, 37, '', 'The customer received a normal base instead of BT base from service.', 'Transferred call to service.', 1),
	(276, 3, '2020-11-27', '09:13:57', 0, 0, 'Loiuse ', 4, 21, '26461874', NULL, 4, 41, 'Nitro ICT 250 PC EFTPOS  logging on fine, when initiate a transaction Pin pad out of order.', '', 'Loiuse will call back since he advised Customer is busy.', 1),
	(277, 1, '2020-11-27', '09:25:20', 0, 0, 'Umesh', 64, NULL, '23443599, 23443314', NULL, 4, 40, '', '', '', 1),
	(278, 3, '2020-11-27', '09:40:11', 0, 0, 'Daniel', 16, 14, '10977573', 37, 11, 37, 'GPRS issue,  working fine since yesterday suddenly stopped working.  TID - 25166101', 'Called Paymark, checked the terminal ID is live or not.', 'Could not get a hold of Paymark advised Daniel to call Paymark to check the TID whether it is live o not. ', 1),
	(279, 1, '2020-11-27', '10:17:49', 0, 0, 'Nakul', 67, 12, '', NULL, 11, 37, '', 'Alert Irruption.', 'Send back to Skyzer.', 1),
	(280, 1, '2020-11-27', '11:50:01', 0, 0, 'Shivon', 44, NULL, '', NULL, 4, 41, '', 'NITRO software: Dig(F6): POS Interface: How to change Client IP?', 'No, we can\'t change that, it should be like that only.', 1),
	(281, 3, '2020-11-27', '12:53:18', 0, 0, 'Jacob', 92, NULL, '', NULL, 11, 37, 'Jacob called in wanted to speak with Vineel about, "Something and Social" ', 'Transferred the call. ', 'Transferred the call to Jacob. ', 1),
	(282, 1, '2020-11-27', '14:44:27', 0, 0, 'David', 66, 21, '', NULL, 4, 41, '', 'How to change Serial to USB?', 'F 6629', 1),
	(283, 1, '2020-11-27', '16:05:25', 0, 0, 'Shila', 14, NULL, '', NULL, 1, 42, 'Stucked. ', '', '', 1),
	(284, 1, '2020-11-30', '10:02:09', 0, 0, 'Missed', 13, NULL, '24578635', NULL, 11, 37, '', 'After successful TMS upgrade terminal still showing old software version.', 'Software download was on halfway.', 1),
	(285, 1, '2020-11-30', '10:49:40', 0, 0, 'Cherry', 47, NULL, '', NULL, 7, 28, '', 'How to check Activata id?', 'F 4824', 1),
	(286, 1, '2020-11-30', '11:05:16', 0, 0, 'Albert', 13, 9, '23803352', NULL, 2, 13, 'RSA keys required: TID: 20812402 M: 10208124002\r\nTried:  do Re-RKI, contact TMS, Keys:2048.\r\n\r\nSending to Skyzer and I\'ll have a look,\r\n\r\nGot that terminal on-site and needs a reset.', '', '', 1),
	(287, 3, '2020-11-30', '12:07:58', 0, 0, 'Richard', 44, 16, '12224652', 31, 3, 16, 'David called in from Pos Pro the Pin pad was showing "Pin pad Synchronization", Checked the terminal on TMS and advised David to contact TMS. ', '', 'Advised David to contact TMS and unplug and re plug the Pin pad back. ', 1),
	(288, 1, '2020-11-30', '12:17:46', 0, 0, 'Cherry', 47, 11, '', NULL, 11, 37, '', 'Can connect one base with two devices?', 'No, one at a time', 1),
	(289, 1, '2020-11-30', '12:09:57', 0, 0, 'Albert', 13, 9, '22432447', NULL, 11, 37, '', 'Modem error.', 'Ip ping test failed, seems ethernet is not working well so asked him to swap with other terminal and use the same ethernet and let\'s see. (he\'ll try and see, the issue wasn\'t solved during the phone)', 1),
	(290, 1, '2020-11-30', '12:32:09', 0, 0, 'Cherry', 47, 11, '', NULL, 9, 32, '', '', '', 1),
	(291, 1, '2020-11-30', '12:36:38', 0, 0, 'Cherry', 47, 11, '', NULL, 9, 32, 'Bluetooth is not working even association is getting successful. \r\nTried: Remove old base and tried again association.\r\nSuggested :\r\nTry another terminal with the same base if it works then something wrong with terminal and if it fails then something wrong with base. \r\n\r\nwill be called back, if the issue is still there.\r\n\r\n\r\nAshen got a call after a while:\r\nhe asked her to send that terminal back to Skyzer. ', '', '', 1),
	(292, 3, '2020-11-30', '13:02:04', 0, 0, 'Cherry', 47, 11, '20554061', 40, 9, 32, 'Cherry from Eftpos Specialist called in regards to these serial numbers aren\'t pairing with the base, 20554061/20554361, Troubleshooted with her and in the end advised her to send the terminals to Skyzer for upgrade. Since she didn\'t knew how old the bases were.  ', '', 'Cherry will be sending the Terminals with the bases. ', 1),
	(293, 4, '2020-11-30', '13:08:22', 0, 0, 'vivian', 3, 15, '', NULL, 11, 37, 'having issue when trying to do man pan on a multi merchant desk3200 error  "invalid merchant"', 'Man Pan issue / invalid merchant', 'i requested more info, like how many merchants, serial number and if the issue also happening on the other merchants or just 1 - he said he will call later with more details.', 1),
	(294, 1, '2020-11-30', '13:01:00', 0, 1, 'David', 34, NULL, '', NULL, 11, 37, 'Called: 0272155159', 'David from The Point of Sale Company is experiencing two issues as below:\r\n\r\n	MOVE5000 not charging when sitting on the cradle. When plugging the power cable on the side, it starts charging the battery but not through the cradle even sitting in properly.\r\n	IPP315 is not displaying anything on the screen when processing transactions. They can swipe the card which cards read but it doesnt display anything on the screen. Once the transaction is completed, it returned to the idle screen and then it displays the EFTPOS logo.\r\n', 'I have spoken with David as he was on lunch. I asked him to do the following troubleshooting steps;\r\nMove500:\r\nJust make sure that,\r\nterminal and base doesnt have any dust or something in between\r\nand make sure you put that terminal properly on the cradle.\r\n\r\nBut he was saying he tried with other bases too but still not working. \r\nSo I suggest him to try different terminal with the same base and see what happens. \r\n\r\n(Also asked him to call back to us if you still having an issue)\r\n\r\nIPP315: \r\n(Desk3200 with IPP315 is not updating the screen while doing transaction)\r\nTold him our team is working on that issue. Well get back to you shortly with solutions. \r\n', 1),
	(295, 3, '2020-11-30', '14:18:46', 0, 0, 'Sid', 48, 9, '', NULL, 11, 37, 'Customer using ICT 220 phone = Dial up\r\n\r\nSaturday started playing up and gave transmission error .', 'Dial up issue. ', 'He also advised that it was working fine all these years, Advised him to call the Telephone line provider Company to find out about any issues in the area.', 1),
	(296, 1, '2020-11-30', '15:10:19', 0, 0, 'John', 11, NULL, '', NULL, 11, 37, '', '3 terminals are given for NITRO when it would be ready to pick up?', 'Transferred to Service for that.', 1),
	(297, 1, '2020-12-01', '09:28:43', 0, 0, 'Gavin', 31, NULL, '', NULL, 11, 37, 'TIDs:\r\nM1: 04742401 -> Working\r\nM2: 04730501 -> Pending Transaction, Not working\r\n\r\n\r\nNilesh Spoke with Paymark:\r\nA day before TID2 is configured on other Machine. Also, updated to Gavin regarding this issue. ', 'Multi merchant: M2: Logon fails \r\n', 'As customer not on-site, suggest 2 cases\r\n1. double-check with terminal id and merchant id\r\n2. Make sure terminal id is active from paymark end.\r\n\r\nNR: Called Paymark Helpdesk. Reason terminal unable to upload pending reversal was maccing error. RKI was done yesterday @3.58pm on affected terminal ID. Gavin will bring in the terminal for our review. ', 1),
	(298, 1, '2020-12-01', '10:10:59', 0, 0, 'Haden', 10, 21, '', NULL, 11, 37, '', '2 terminal on Dial-up: \r\nLogon Accept but On Purchase showing transmission. \r\n\r\n', 'As he is not on-site, asked him to do merchant reconfigurations and do RKI, release, and Logon. \r\n\r\nResolved on 11/12/2020 as haven\'t heard back anything.', 1),
	(299, 1, '2020-12-01', '09:59:56', 0, 0, 'James', 41, NULL, '', NULL, 11, 37, '', 'How to setup interface with IWL?', 'As he did not have USB/Serial We can not anything.\r\nAlso, he was asking how o enable WIFI on IWL. \r\nSeems he wasn\'t a technician. So, asked him to get USB/Serial first and get Move5000/Desk5000 for wifi. Then I can help you further. ', 1),
	(300, 1, '2020-12-01', '11:59:44', 0, 0, 'Jonathan', 52, 11, '23837223', NULL, 11, 37, '', 'The terminal is not doing RKI.', 'Ip ping test passed.\r\nBut while contact TMS then modem error.\r\nMake sure in this 23837208, same issue with another terminal as well so that means the Internet is not working try again later. ', 1),
	(301, 1, '2020-12-01', '12:02:23', 0, 0, 'Sid', 48, NULL, '', NULL, 4, 41, 'Went offline.', '', '', 1),
	(302, 1, '2020-12-01', '12:43:41', 0, 0, 'Jonathan', 52, NULL, '', NULL, 4, 41, 'Teamviewer: Installed latest software and drivers.', '', '', 1),
	(303, 1, '2020-12-01', '13:34:57', 0, 0, 'Missed', 44, 9, '22005874', 45, 1, 42, '', 'Restarting after TMS upgrade.', 'Didn\'t have pin pad attached to upgrade and it is pointed on 151. \r\nAsked him to attach pinpad and contact TMS', 1),
	(304, 6, '2020-12-01', '14:12:34', 0, 0, 'James', 36, NULL, '', NULL, 11, 37, '3 -250 -all attached with 310 PINPAD \r\n1. S/N :- 2618 7851 (Standalone) , notices in weekend \r\nTransmission error - \r\nphone icon goes orange - Dairy Shop\r\n1 more daily , 2 fish and chips shop\r\nterminal is not doing logon and transaction failing.\r\n(intermittent)\r\n03 2144 275', 'Terminals on Dial -up kept on failing transactions and failing Logon with Transmission error message.\r\n3 -250 -all attached with 310 PINPAD \r\n1. S/N :- 2618 7851 (Standalone) , notices in weekend \r\nTransmission error - \r\nphone icon goes orange - Dairy Shop\r\n1 more daily , 2 fish and chips shop\r\nterminal is not doing logon and transaction failing.\r\n(intermittent)\r\n03 2144 275', 'NO Solution yet', 2),
	(305, 1, '2020-12-01', '16:00:22', 0, 0, 'Abhi', 2, NULL, '', NULL, 11, 37, '', 'Asking which cable should be with Desk3200/IPP315 to avoid Freezing issue', 'Shouldn\'t be 16/16', 1),
	(306, 1, '2020-12-01', '16:34:03', 0, 0, 'Avi', 70, 9, '', NULL, 11, 37, '', 'How customer can get the latest software which we have released recently.', 'Through TMS and before that make sure the terminal is on TCP/IP.', 1),
	(307, 1, '2020-12-01', '16:48:55', 0, 0, 'David', 66, 9, '25320059', NULL, 1, 11, 'Download was in half way.', '', '', 1),
	(308, 3, '2020-12-02', '10:14:41', 0, 0, 'Jonathan', 52, 9, '24579316', NULL, 1, 45, 'Terminal running Dial up, Jonathan advised that sometimes it gets Transmission error issues.', '', 'Advised Jonathan to let Customer know to call the service provider company in regards to this because the problem is intermittent. ', 1),
	(309, 1, '2020-12-02', '11:11:39', 0, 0, 'Peter', 1, NULL, '', NULL, 1, 11, 'Transferred the call to Marketing for Logo discussion.', 'Transmission error', 'Restart the terminal', 1),
	(310, 1, '2020-12-02', '11:40:07', 0, 1, 'David ', 34, 21, '14020CT21460692', NULL, 4, 40, 'Called: 027 2155159\r\nKey: 1724273\r\n\r\nAlso, 24185252 had IKR issue\r\n', '', '', 1),
	(311, 3, '2020-12-02', '13:40:38', 0, 0, 'Sid', 48, 21, '26224311', 28, 4, 41, 'Issue with Integration "Menu mate" Pos system.', '', 'Reinstalled latest Nitro again and it fixed the problem. Also advised Sid to sign up with Dealer Zone access since it is going to be easy for them to learn the installation process and how to set it up correctly. ', 1),
	(312, 1, '2020-12-02', '13:59:11', 0, 0, 'Luice', 4, NULL, '', NULL, 11, 37, '', 'Did you hear any issue regarding MenuMate pos?', 'No', 1),
	(313, 1, '2020-12-02', '15:56:39', 0, 0, 'Umesh', 64, NULL, '', NULL, 5, 23, 'Why can we do Surcharge + tipping?\r\nA:That\'s how it is.\r\n(He was also saying it was there before 3-4 years ago)', '', '', 1),
	(314, 1, '2020-12-02', '16:03:08', 0, 0, 'Ricahrd', 48, NULL, '', NULL, 1, 45, 'Dialup : \r\nArea: Canterbury\r\nStart: Yesterday, Today\r\nLast contact: (June) \r\nVers: 341\r\n\r\n', '', '', 1),
	(315, 1, '2020-12-02', '16:54:12', 0, 0, 'Danial', 5, NULL, '', NULL, 11, 37, '', 'Is there any software for test Interface just like NITRO?', 'No', 1),
	(316, 1, '2020-12-03', '09:11:31', 0, 0, 'Nirosha', 67, NULL, '', NULL, 9, 33, 'TID: 10112191\r\n', '', 'Set Replacement ICMP.', 1),
	(317, 3, '2020-12-03', '10:16:36', 0, 0, 'Richard', 44, NULL, '', NULL, 11, 37, 'Richard wanted to know whether he can buy a longer pin pad cables.', 'Transferred the call to Service department.', 'Transferred the call to Service department.', 1),
	(318, 1, '2020-12-03', '10:17:44', 0, 0, 'Nirosha', 67, 18, '', NULL, 9, 33, 'TID: 10111892\r\nISSUE: Terminal connected green after some time gets RED.\r\nDid all the troubleshooting steps, also checked ECO Mode.\r\n\r\nIOS: 8+\r\nSoftware Version: 14.2\r\n\r\nSet Replacement ICMP.', '', '', 1),
	(319, 3, '2020-12-03', '10:24:20', 0, 0, 'Nirosha', 67, NULL, '', NULL, 11, 37, 'Nirosha wanted to speak with Jay.', 'Jay will give a call to Nirosha.', 'Jay will give a call to Nirosha as she requested . ', 1),
	(320, 3, '2020-12-03', '11:31:46', 0, 0, 'Chris', 4, NULL, '', NULL, 4, 41, 'Got all the info from Chris regards to "Menumate Nitro" issue, Chris advised they are having one of the earliest version of Nitro therefore I advised him to update the Nitro software and to check see how it goes, also advised that if this happens again we might need to get the Eftpos Log files from them to investigate further. ', 'Also advised Chris, that I received a call from one of the other Dealers yesterday and I installed the latest version and it fixed it.\r\n\r\nChris advised that : it holds the communication for 30 mins and it drops.\r\nthe issue is intermittent, at the moment 3 sites are effected. Advised Chris to go on Dealer zone and download the latest version to see if it fixes it self and to monitor it. Will update Vineel as well.', 'Called Chris regards to the issue today 13/01/2021 he advised that he hasn\'t installed the latest Nitro ver and he assumed that it was Menu mate people trying to put the blame on Skyzer, Therefore Chris advised that after that call he haven\'t received any calls regards to this current issue if he gets a call he advised that he will install the new Nitro version and will get back to us. ', 1),
	(329, 1, '2020-12-03', '11:57:30', 0, 0, 'David', 66, NULL, '25884932', NULL, 11, 37, 'Upgrade through Skyzer,\r\n', 'Can not find the Sim card network bar?\r\nProvider: Vodafone', 'Changed Select Service Provider: 7 - Global M2M\r\nDid restart > Bar come up but again went down and gone \r\n\r\nAs the battery was low he will call back.\r\n\r\nLater Ashen got the call and he requested customer to send that terminal back to Skyzer and do attention to Support Ashen.', 1),
	(330, 1, '2020-12-03', '12:21:27', 0, 0, 'Cherry', 49, 14, '', NULL, 11, 37, 'S/N: 01126099', 'Switched from wifi to SIM (Spark), showing SIM error', 'Test the same SIM in ICT250 and worked. Now gonna try in Move5000 back but as ICT250 doing the upgrade, He did not remove the SIM. He will be called back for it.\r\nHe inserted SIM in the wrong port. Asked him to insert it into SIM1 port and now up and running.', 1),
	(331, 3, '2020-12-03', '12:25:45', 0, 0, 'Davod', 66, 10, '21708398', NULL, 11, 37, 'David advised that he sent 2 terminals back for Software upgrade IWLs, After the upgrade he said Signal bars are there, 2 degrees and telephone Icon gray. Not connecting to Internet at all. ', 'GPRS issue. Two serial numbers _ 25884932 and 21708398', 'Same sim is working on other terminal. Advised him to send one of the terminals back to Support, "Attention to me" ', 1),
	(332, 1, '2020-12-03', '13:08:09', 0, 0, 'Andy', 9, 17, '', NULL, 11, 37, '', 'How to enable Payway?', 'F 7418 - 7, Do logon and Restart.', 1),
	(333, 3, '2020-12-03', '13:05:46', 0, 0, 'Sid', 48, NULL, '', NULL, 4, 41, 'Sid called in regards to the EFTPOS receipt issue with Menumate pos system. ', '', 'Since I could not understand Sid sent the Pic to support  E mail and after observing we advised that we cannot turn it off that is the way it is.  ', 1),
	(334, 3, '2020-12-03', '14:07:17', 0, 0, 'Warrick', 73, 15, '', NULL, 4, 41, 'Dropping connection stopped working the communication, Installed the latest Nitro version.\r\n\r\nIntegrated with Ideal Pos. (Serial connection).', '', 'Latest Nitro version fixed the problem. ', 1),
	(335, 1, '2020-12-03', '15:47:22', 0, 0, 'Richard', 48, 21, '', NULL, 11, 37, '', 'Enabled Contactless a day before and that was working fine. A day after it disabled by itself, enabled, again and again, goes disable why is that so?', 'Enable contactless, do logon and restart(as he did not restart it could happen).\r\nSo, if still contactless not working you can send back to Skyzer with Attention to Jay.', 1),
	(336, 1, '2020-12-03', '16:42:22', 0, 0, 'Andy', 48, NULL, '', NULL, 4, 41, 'j38jy9', 'Just show me how to do NITRO setup?', 'Guide through Teamviewer.', 1),
	(337, 3, '2020-12-03', '16:33:33', 0, 1, 'David', 34, NULL, '', NULL, 4, 41, 'Called David to grab more details off of him, David advised the site is having one of the oldest Nitro versions, Advised David to go on Dealer zone and download the latest Nitro package.', '', 'New Nitro package installation. \r\n\r\nDavid advised it is going to be either tomorrow or  Monday. ', 1),
	(338, 3, '2020-12-04', '08:53:36', 0, 0, 'Charlotte', 67, 18, '', NULL, 9, 33, 'Charlotte called in and advised an issue with Bluetooth Pairing, Confirmed the Customer name by getting the TID. 11210301\r\n', '', 'While on the phone with Charlotte, Everything started to work.', 1),
	(339, 1, '2020-12-04', '09:24:54', 0, 1, 'Nirosha', 67, 18, '13697497', NULL, 9, 33, 'TID: 10112188', '', '', 1),
	(340, 1, '2020-12-04', '09:43:07', 0, 1, 'Nirosha', 67, 12, '15065PP20479199', NULL, 9, 33, 'TID: 10071483\r\nCustomer upgraded phone.', '', '', 1),
	(341, 6, '2020-12-04', '10:27:16', 0, 0, 'Rupender ', 91, NULL, '13402198', 37, 11, 37, 'When customer swipe card it ask for insert and when inserting the card it ask for swipe\r\nhappened with all card type since last 10 days\r\nTerminal bought and deployed on site in June\r\nCustomer experienced it from 10 days ago\r\n2- way Interface\r\nSerial cable\r\nTCP-IP\r\n\r\n\r\n', 'When customer swipe card it ask for insert and when inserting the card it ask for swipe\r\nhappened with all card type since last 10 days\r\nTerminal bought and deployed on site in June\r\nCustomer experienced it from 10 days ago\r\n2- way Interface\r\nSerial cable\r\nTCP-IP\r\n\r\n', 'Advised Rupender to send this terminal to Skyzer and atten to Kishan.\r\n', 2),
	(342, 3, '2020-12-04', '11:01:17', 0, 0, 'Andrew', 9, 14, '', NULL, 10, 34, 'Move 5000 Interfacing issue configured the terminal and set it up correctly. ', '', '', 1),
	(343, 3, '2020-12-04', '12:50:22', 0, 0, 'David', 90, 15, '', NULL, 4, 41, 'David called in regards to Nitro issue, ', '', 'Advised him to get Full administrator access in order to do the installation. ', 1),
	(344, 1, '2020-12-04', '13:43:33', 0, 0, 'Cherry', 47, 14, '01188695', NULL, 11, 37, 'Also', 'Showing old s/w 341.', 'Contact TMS to download latest. Also, instructed how to do WIFI password setup.', 1),
	(345, 1, '2020-12-04', '15:08:41', 0, 0, 'Luice', 4, 15, '04191801', NULL, 1, 9, '', '', '', 1),
	(346, 1, '2020-12-04', '15:40:07', 0, 0, 'Alan', 48, 21, '', NULL, 4, 41, 'TeamID:857341841\r\nPass: menumatep0s\r\n\r\n\r\n\r\n', 'Alan had installed latest NITRo software and driver remotely in customer\'s PC but when in Device manager doesn\'t come up with COM port number why is that so?', 'Asked Alan to check with the customer whether did they checked with Port by doing F 6629?, and after installing software just make sure customer did restart the PC and EFTPOS terminal.\r\nAlan going to ask above question and let\'s see if still there is an issue then  I asked Alan to call back. \r\n\r\nAlan Called Again:\r\nAlan put me through Teamviewer and hung up and asked me to callback Alan in case I need any help. \r\nContact: 0272032505\r\n\r\nAlan hadn\'t installed the USB Driver. \r\nI installed driver and picked COM port and now showing Modem error.\r\nAsked Alan to call back to the customer and ask them to do RERKI.\r\n\r\nCustomer does not have Internet connection ON.\r\n\r\n\r\n\r\n\r\n', 1),
	(347, 1, '2020-12-04', '16:17:38', 0, 0, 'Chris', 2, 11, '', NULL, 11, 37, 'Reader ', 'When a customer tries to swipe card no error message shows and not working.\r\nSwipe card: works fine\r\nTried other cards: Yes', 'Could be the Hardware issue', 1),
	(348, 3, '2020-12-04', '16:42:33', 0, 0, 'Jonathan', 52, NULL, '', NULL, 1, 42, 'Jonathan called in regards to IKR advised him about the Communication that we sent out on 20/11/2020 , He advised that they had issues with E mail system regards to Eftpos Specialist.', '', 'By the time the whole installation process went well.', 1),
	(349, 1, '2020-12-04', '16:49:39', 0, 0, 'Alan', 48, 21, '', NULL, 4, 41, 'Installed the latest software and driver.\r\nhe doesn\'t have DealerZone access when I asked.', '', '', 1),
	(350, 1, '2020-12-07', '09:13:43', 0, 0, 'Jacob', 11, 14, '01560848', NULL, 11, 37, '', 'Got terminal from Service without Cradle.', 'Transferred to service.', 1),
	(351, 1, '2020-12-07', '09:43:52', 0, 0, 'Imog', 50, 9, '21894956', NULL, 5, 23, '\r\n', 'Calculating the wrong surcharge.', 'Asked them to contact TMS to get the latest software and please have a look by yourself at the site.', 1),
	(352, 3, '2020-12-07', '11:11:28', 0, 0, 'Jacob', 92, NULL, '', NULL, 11, 37, 'Jacob called in wanted to speak with Saqiub. ', '"Call for Service Dpt" ', 'Transferred the call to Service department. ', 1),
	(353, 1, '2020-12-07', '12:41:53', 0, 0, 'Nakul', 67, NULL, '', NULL, 9, 33, '10112188\r\n\r\n11218801', '', '', 1),
	(354, 1, '2020-12-07', '13:07:37', 0, 0, 'Warak', 73, NULL, '', NULL, 4, 41, 'Confused with checkboxes', '', '', 1),
	(355, 3, '2020-12-07', '14:06:35', 0, 0, 'Jonathan', 52, NULL, '', NULL, 4, 41, 'Jonathan wanted to know how to configure the terminal to print out the receipt. ', '', '', 1),
	(356, 1, '2020-12-07', '15:04:14', 0, 1, 'Nirosha', 67, 18, '181537313191054102745229', NULL, 9, 33, 'Nirosha: She is a new user (has had it previously) so has downloaded the app and Bluetooth is paired but the terminal connected green\r\nWe have restart and uninstall app but hasnt worked\r\n', '', 'Forgot device name and paired again.', 1),
	(357, 3, '2020-12-08', '08:55:27', 0, 0, 'Sam', 38, NULL, '', NULL, 11, 37, 'Cooperate call, \r\n\r\nSam from Bendon wanted to speak with Gareth. ', 'Call from Bendon outlet, regards to Pay wave. ', 'Transferred the call to Gareth. ', 1),
	(358, 1, '2020-12-08', '09:45:23', 0, 0, 'Luice', 4, 15, '13326670', NULL, 11, 37, 'Desk3200: IPP315', 'Keep fluctuating pin pad screen after latest version came with back default pin pad screen. Is there any way to stop that? because the customer thinks like it is an issue with Pinpad.', 'Needs to be discussed with the team but now we can not disable that screen on pinpad.', 2),
	(359, 1, '2020-12-08', '10:46:33', 0, 0, 'Mitul', 40, 9, '', NULL, 11, 37, 'ICT220:IPP310', 'Logon successful but All cards are getting a decline.', 'Call pay mark and check with them first.\r\nReset merchant configuration.\r\n(Instructed as he wasn\'t on site)\r\nResolved on 11/12/2020 as haven\'t heard back anything.\r\n', 1),
	(360, 1, '2020-12-08', '12:12:38', 0, 0, 'Tom', 92, 11, '21707793', NULL, 5, 23, '', 'Enabled surcharge but not working?', 'Contact TMS as it is in half-way to download.\r\nDo logon again and restart terminal should be fine.\r\n(Instructed)\r\nResolved on 11/12/2020 as haven\'t heard back anything.', 1),
	(361, 1, '2020-12-08', '13:19:45', 0, 0, 'Charry', 49, 9, '', NULL, 11, 37, '', 'Failed initiate card reader? \r\nHow to change the language back to English?', 'Enable contactless and restart.\r\nChange language through Telium Manager.\r\n(Instructed)\r\nResolved on 11/12/2020 as haven\'t heard back anything.', 1),
	(362, 1, '2020-12-08', '13:33:52', 0, 0, 'Jacob', 11, 10, '21686171', NULL, 11, 37, '', 'Whom it belongs to?', 'Belongs to ACR and took help from Saquib to check in the old system. Deactivated om 11/May/2020.', 1),
	(363, 6, '2020-12-08', '14:33:10', 0, 0, 'Steven', 5, NULL, '', NULL, 1, 42, 'wanted to know about expiry date for PINPAD and how to identify manufacturing year from PINPAD ', '', '', 1),
	(364, 6, '2020-12-08', '14:44:47', 0, 0, 'Jacob', 92, NULL, '', NULL, 12, 38, 'As per Jacob , ACR sent and Email for deactivation for couple of month ago and no action were taken at that point of time. All of sudden , this terminal got deactivated today.\r\nHe wanted to know how this happened ? For reactivation , do we charge them again?\r\n\r\nI advised him to send us an Email and we will update you through Email.', '', 'Resolved on 11/12/2020 as Vineel resolved issue and terminal is active now.', 1),
	(365, 1, '2020-12-08', '16:02:52', 0, 0, 'Nakul', 67, 18, '', NULL, 11, 37, 'TID: 11218902', 'Unable to do LOGON.', 'TID was disabled at Paymark end.', 1),
	(366, 3, '2020-12-09', '08:52:07', 0, 0, 'Shaun', 44, 14, '', NULL, 11, 37, 'Shaun called in regards to  Move 5000 beeping and says "Remove Card" continuously. ', 'Chip card reader faulty.', 'Advised Shaun to send it back to Service for repair. ', 1),
	(367, 1, '2020-12-09', '10:36:19', 0, 0, 'Cherry', 49, NULL, '22189390, 24440906', NULL, 11, 37, '\r\n', 'Dial-up - On logon keeps saying processing now\r\n346 R2 / 16MB', 'Contact TMS for both terminals and make sure that is on TCP/IP, not dial-up.\r\n(Instructed as currently he had only dial-up available and he swapped terminal)\r\n\r\nResolved on 11/12/2020 as haven\'t heard back anything.', 1),
	(368, 1, '2020-12-09', '13:32:31', 0, 0, 'Jonathan', 52, 21, '', NULL, 4, 41, '', '', '', 1),
	(369, 3, '2020-12-09', '13:56:57', 0, 0, 'David', 44, 14, '', NULL, 4, 41, 'Interfaced - USB. ', 'Ideal POS. ', 'Guided him through the steps. ', 1),
	(370, 6, '2020-12-10', '08:32:46', 0, 0, 'Mike ', 59, 10, '24440906', NULL, 12, 38, 'Wanted to know whether the terminal is active / deactivate', '', '', 1),
	(371, 6, '2020-12-10', '08:56:43', 0, 0, 'Analyse', 44, NULL, '', NULL, 4, 41, 'Had installed Nitro for Matamata Piako library and today she called me to install few more Nitro , as she is end user I advised her to contact calnar and those guys will help you.', '', '', 1),
	(372, 3, '2020-12-10', '08:59:11', 0, 0, 'Analise', 44, NULL, '', NULL, 11, 37, 'Analise wanted to speak with Kishan.', 'Transferred the call. (End user).', 'Transferred the call. ', 1),
	(373, 1, '2020-12-10', '09:14:57', 0, 0, 'Peter', 37, 14, '01559710', NULL, 11, 37, '', 'TMS download is taking too long.', 'It was on very old software. so it will take some time to download. ', 1),
	(374, 1, '2020-12-10', '09:55:41', 0, 0, 'Sath', 66, 15, '10949054', NULL, 11, 37, '', 'Freezing issue. Attached pinpad.', 'Contact TMS to download latest software and change cable if 16/16.', 1),
	(375, 1, '2020-12-10', '10:02:26', 0, 0, 'Shaun', 44, 15, '', NULL, 11, 37, 'As they are using city council network they had to go through Proxy network first. ', 'How to setup Proxy networks?', '\r\nFor TMS: (F -> 2467 -> Enter) 103.216.132.29\r\nPaymark Transactions:  (F -> 3824 -> Enter) DNS: No, HOST IP: 117.120.36.122 \r\nPaymark RKI: (F -> 7418 -> 5) RKI HOST IP: 117.120.34.103\r\n\r\n\r\nSend details through email. shaun@pospro.co.nz\r\n', 2),
	(376, 1, '2020-12-10', '10:16:51', 0, 0, 'David', 90, 9, '', NULL, 11, 37, '', 'Flash full. (He belive it is 16MG terminal)', 'Change system size (Restart and Press Menu and change sys size to 10).  If it resolved the issue then fine otherwise you have to send that to Skyzer. (Instructed as he wasn\'t on-site)', 1),
	(377, 3, '2020-12-10', '10:35:33', 0, 0, 'Gavin', 31, 14, '01558843', 37, 11, 37, 'Move 5000, Not accepting ASB credit cards issues has been there for 2 weeks Gavin said.\r\n\r\nTerminal is on latest and on WIFI.\r\n', 'Credit card issue with Only ASB cards.', 'Advised Gavin to get the exact same message from the Customer what happens when they swipe or insert the ASB credit card. ', 1),
	(378, 3, '2020-12-10', '10:45:01', 0, 0, 'Kevin', 37, 15, '', NULL, 2, 12, 'Desk 3200 programmed it up TMS download won\'t allow,\r\n\r\nAsked Kevin to do Func+9902 and reconfigure.\r\n\r\n\r\n', '', 'Terminal started working. ', 1),
	(379, 1, '2020-12-10', '10:42:38', 0, 0, 'Nakul', 67, 18, '172977313071053901935357', NULL, 9, 33, 'TID: 10111978\r\n\r\nSent following email to Kiwibank,\r\nHi Nakul,\r\n\r\nIn terms of following customer, FYI\r\n\r\nAs I could not hear her well, \r\nSo, I said I am sorry but I can barely hear you! \r\nthen she replied very rudely and said I cant hear you, you cant hear me, I am done with this and just hung up.\r\n\r\nAs result, unfortunately, I could not help her out\r\n', '', '', 1),
	(380, 1, '2020-12-10', '11:25:06', 0, 0, 'Jonathan', 52, NULL, '', NULL, 11, 37, 'Helped through Teamviewer.', 'How to setup printer for settlement to terminal itself.', 'Setup Printer to NPT and was working fine. As he also wanted to set up the same through the POS system itself but I asked him to contact POS guy.', 1),
	(381, 1, '2020-12-10', '11:45:05', 0, 0, 'Abhi', 2, 14, '01162653', NULL, 11, 37, '14/12/2020\r\nSending one of the terminals at Skyzer so I\'ll have look.', 'Failing integration through Interface.', 'Try to do through USB if serial doesn\'t work and let us know if doesn\'t work.\r\n(He is trying and he will call us back shortly if doesn\'t work)\r\n\r\n11/12/2020\r\nHe swapped 5 M5000 but still not working with IdealPos.\r\nWorks fine when on attach Desk5000 & Move2500 but when he try on M5000 not working.\r\nTried different 5 M5000 but still not working on serial, \r\nchanged base,\r\ntested on site too,\r\nrepaired base,\r\nforget old bases,\r\nchecked base COM0,\r\nTried USB,\r\n\r\nRequested us to test on our end and let them know.', 2),
	(382, 3, '2020-12-10', '12:07:32', 0, 0, 'Abby', 2, 14, '', NULL, 10, 34, 'Move 5000 Ideal Pos _ Serial integration, Jay have advised to change it to USB.', '', 'Advised Abby to give a call to IDEAL pos for further guidance. ', 1),
	(383, 3, '2020-12-10', '12:14:08', 0, 0, 'James', 36, 21, '22308337', 44, 2, 12, 'Terminal TMS download on TCP , Not doing RKI on GPRS, advised James to do RKI on TCP IP again by doing from the beginning. ', '', 'As advised James followed the Guide lines and terminal started working again.', 1),
	(384, 1, '2020-12-10', '12:28:39', 0, 1, 'Nakul', 67, 18, '172977313071053901935357', NULL, 9, 33, 'As per Nakul requested through email.\r\n\r\nI spoke to customer. There are some issues with the connectivity there. I have advised her to undertake one more iteration to fix this. If that does not work she will most likely give up on QuickPay.\r\n\r\nCould you please call her back on 021 0902 0489 asap.\r\n', '', 'So, I uninstalled the app & installed latest and worked. ', 1),
	(385, 1, '2020-12-10', '13:19:09', 0, 0, 'Nicolai', 16, NULL, '', NULL, 4, 41, 'The customer was unable to setup the COM port.', '', '', 1),
	(386, 6, '2020-12-10', '15:17:13', 0, 0, 'warrick', 73, 15, '', NULL, 10, 34, 'Nitro\r\nFour trap transaction\r\n\r\nTCP-IP \r\n\r\nDynamic IP - Not working\r\nStatic Ip - not working \r\n\r\nTerminal were on dynamic IP and since last two week it kept on dropping  internet connection. \r\nHe also tried to put Static IP and result was same.\r\nafter pressing Menu + xtra + 3 + 2 , it will print out 0000 on IP , een after set terminal on static IP\r\nReset GPRS link didn\'t work either\r\nOther two computer connected to the same router working fine.\r\n', '', 'Advised Warrick to swap terminal and monitor it.', 1),
	(387, 1, '2020-12-10', '16:44:01', 0, 0, 'Jacob', 11, NULL, '', NULL, 11, 37, '', 'How to do Card not Present Transaction/Manpan?\r\nHow to configure the timeout for NITRO transaction?', 'After pops up for transaction press Func. and enter card details.\r\nIt all depends on POS system.', 1),
	(388, 1, '2020-12-11', '09:58:14', 0, 0, 'Sonia', 41, 21, '', NULL, 3, 16, '', 'Standalone: ICT250 sends transactions to IPP310 works fine\r\nNITRO: on send transactions pin pad shows just smiles', 'You need to enable pin pad after every NITRO activation.\r\n(Instructed).', 1),
	(389, 1, '2020-12-11', '10:16:24', 0, 0, 'Charllote', 67, 18, '200467313071053913697208', NULL, 11, 37, 'TID: 10251984', 'Stuck on Processing Now', 'Did RKI, Release and Logon', 1),
	(390, 1, '2020-12-11', '10:38:32', 0, 0, 'Sonia', 70, 21, '', NULL, 4, 41, 'Call from main office: Dunedin', 'Pinpad offline.', 'When I asked her for Teamviewer she didn\'t know about it. We tried to do the conference as she wasn\'t on site. but the customer is not familiar with IT so I asked the dealer to go on-site and we will have a look.', 2),
	(391, 3, '2020-12-11', '10:47:09', 0, 0, 'Jacob', 11, 15, '', NULL, 11, 37, 'Jacob called in regards to the Stand for Desk 3200 he advised the Terminal just came today, he also advised it is the wrong stand. ', 'Desk 3200 given wrong stand.  ', 'Transferred the call to Vineel for further assistance. ', 1),
	(392, 1, '2020-12-11', '11:54:12', 0, 0, 'Nicolai', 27, NULL, '', NULL, 4, 41, '', 'He was not the actual dealer He instructed to call us for help from dealer.', 'So I asked him to ask Gracetek to call us then we can help I also helped the same customer yesterday and worked fine but today again called us so I asked him to approach Gracetek.\r\n\r\n\r\nGot a call from Gracetek:\r\nI asked him to swap terminal and try but he doesn\'t have any other NITRO so he was asking me to buy a new one, I said it is all up to you.\r\nNow, he gonna order a new one and see,\r\n\r\n11/12/2020\r\nSpoke with Vineel regarding the issue. ', 2),
	(393, 1, '2020-12-11', '13:40:33', 0, 0, 'Richard', 41, 21, '', NULL, 11, 37, '', 'NITRO: On Settlement: Recursive call', 'Case1: may customer is pressing a button twice\r\nCase2: Or maybe the customer has done settlement done and they try to do again on the same day.\r\n(Instructed)', 2),
	(394, 3, '2020-12-11', '14:19:22', 0, 0, 'Daniel', 44, NULL, '', NULL, 5, 23, 'Daniel wanted to know how to enable the Surcharge. ', '', '', 1),
	(395, 6, '2020-12-11', '14:41:39', 0, 0, 'peter', 1, NULL, '', NULL, 6, 24, 'wanted to know function code to activate and deactivate multi merchant', '', '', 2),
	(396, 6, '2020-12-11', '14:52:25', 0, 0, 'shaun', 5, 15, '', NULL, 4, 41, 'shaun wanted to know whether he can be able to use external USB cable that he has instead of the one we provided.\r\n\r\nI advised him that we won\'t recommend to use external USB cable.', '', '', 1),
	(397, 1, '2020-12-11', '15:38:29', 0, 0, 'Dona', 70, 21, '', NULL, 4, 41, 'She doesn\'t know how to identify USB or Serial?', 'Failed init reader.\r\nHow to setup NITRo on Serial.', 'Enabled contactless.\r\nShe is confused with Dial-up and a serial cable and she sounded vary unfamiliar to work with EFTPOS machine.\r\nTransferred call to Kishan but he also can\'t help due to the customer is unable to recognise things.', 2),
	(398, 1, '2020-12-11', '15:47:32', 0, 0, 'Calsi', 69, 15, '', NULL, 4, 41, 'TID: 20682001\r\nSerial cable.\r\nI helped him through scratch. ', '', '', 1),
	(399, 1, '2020-12-11', '16:32:49', 0, 0, 'Calsi', 69, 15, '', NULL, 14, 43, '', 'How to enable manpan?', 'Send transaction from POS and as soon as pop up for Present/Swipe/Insert press FUNC then it will ask you for details.', 1),
	(400, 1, '2020-12-11', '16:53:04', 0, 0, 'Din', 5, 15, '07376914', NULL, 11, 37, '', 'Restarting issue Desk3200 with IPP310.\r\n', 'Change cable from 16/16 . ', 1),
	(401, 1, '2020-12-14', '09:02:42', 0, 0, 'Thomas', 41, 21, '', NULL, 11, 37, '', 'How to increase or set beep sound on transactions decline?', 'No, we can\'t do that in any of the Machine.', 1),
	(402, 1, '2020-12-14', '09:53:01', 0, 1, 'Jonathan', 52, NULL, '', NULL, 11, 37, 'Internet is not working at all on RKI, TMS or anything.', '(Email Fri 11/12/2020 5:13 pm)\r\nHi Team,\r\n \r\nAs discussed recently I cant connect a terminal through TCP-IP after I tried different terminals (ICt250-IWL252 etc.) even though the ethernet cable works perfectly. We run a couple of tests with a computer.\r\n \r\nAs it could a be a conflict with the terminal may I have the different ports. Ill let the customer know and his IT department will allow them.\r\n \r\nThank you\r\n', 'Follow up with a customer through call then send following details.\r\n\r\nPlease see the details below.\r\n\r\nTransactional IP and Ports:\r\n\r\nPrimary host port : 33876\r\nSecondary host port : 33876\r\n\r\nPrimary IP : Direct.paymark.co.nz\r\nSecondary IP : Direct2.paymark.co.nz\r\n\r\nRKI URL/IP and Ports:\r\n\r\nIP : 117.120.34.103\r\nPORT : 7540\r\n\r\nTMS URL/IP and Ports:\r\n\r\nTMS URL : www.skyzertms1.co.nz or www.skyzertms.co.nz\r\nPrimary IP : 103.216.132.29\r\nPORT : 3200 or 3201\r\n', 1),
	(403, 1, '2020-12-14', '11:22:18', 0, 0, 'Shuzi', 55, 21, '', NULL, 11, 37, '', 'How to disable NITRO?', 'F 76.', 1),
	(404, 1, '2020-12-14', '11:50:41', 0, 0, 'Sam', 64, 21, '25237036, 22351046', NULL, 1, 42, 'IKR download stops TMS configurations updates like Logo update.\r\n[Issue is resolved but this issue should be raised in support that is why it is outstanding.]\r\n', 'Why Logo is not assigning on the machine, every time contact TMS why download IKR?', 'IKR was stopping Logo update, did prevent download and logo updated on the terminal.', 2),
	(405, 1, '2020-12-14', '12:49:13', 0, 0, 'Suzi', 55, 21, '', NULL, 4, 41, 'She doesn\'t know how to check COM port number on Device Manager.', '', 'Just changed F 6629 to USB.', 1),
	(406, 6, '2020-12-14', '14:28:13', 0, 0, 'Aarfat', 54, NULL, '24940820', NULL, 1, 11, 'Terminal contacts TMS straight as as soon as he connected to the Ethernet.\r\n\r\nAdvised him to change the SYS size and terminal shoud be fine.', '', '', 1),
	(407, 1, '2020-12-14', '14:55:29', 0, 0, 'Danial', 89, 21, '', NULL, 14, 43, '', 'How to enable Manpan?', 'On popup of accounts press FUNC', 1),
	(408, 3, '2020-12-14', '15:58:15', 0, 0, 'Daniel', 5, 21, '', NULL, 14, 43, 'Daniel was having Man pan issue he didn\'t had the all the correct information regards to the issue, Advised him to get the card details or may be re RKI the terminal and try again. ', '', '', 1),
	(409, 3, '2020-12-14', '16:09:34', 0, 0, 'Richard', 28, 10, '21708913', NULL, 2, 12, 'IWL 250 RKI TMS log on Completed, Paymark log on is not getting accepted. Advised Richard to do F+9902 and reset the terminal and configure it all over again and call Paymark and release the keys. ', '', '', 1),
	(410, 1, '2020-12-15', '09:11:41', 0, 0, 'Shaun', 44, NULL, '', NULL, 14, 43, '', 'On account selection screen on press FUNC showing error.', 'Dealer doesn\'t know, What error is it showing?\r\nSo, I asked him to ask a customer and call us back.', 2),
	(411, 3, '2020-12-15', '10:12:03', 0, 0, 'Peter', 1, 9, '', NULL, 11, 37, 'Peter wanted to know if there is shortcut to turn off Paywave,  ', 'Paywave shortcut on_ Teliums.', 'Advised him there is no short cut of Telium models and have to use the normal method. ', 1),
	(412, 6, '2020-12-15', '10:29:40', 0, 0, 'AB', 2, NULL, '01162653', NULL, 10, 34, 'Move/5000 not communicate with POS\r\nS/W : 346 REV 3\r\nIdeal POS / V. 7.1 build 13 REV 2\r\nRS232 cable ttried initially\r\nMove/2500 worked in same environmet\r\nHe tried 5 Move/5000 and  none Didn\'t worked.\r\nUSB also didn\'t work. \r\nFor Interface \r\nMOVE/2500 on serial cable \r\nDesk/5000 Serial \r\n\r\nContact 027 556  9534', '', '', 2),
	(413, 3, '2020-12-15', '13:55:01', 0, 0, 'Antocte', 47, 10, '22757133', NULL, 11, 37, 'Pay wave not working, ', 'Advised her to contact TMS.', 'Contact TMS, download latest Software and try again after enabling and disabling the Pay wave option. ', 1),
	(414, 3, '2020-12-15', '14:10:23', 0, 0, 'Shaun', 44, NULL, '', NULL, 4, 41, 'Shaun wanted to know more about "Settlement " and Offline mode transactions.', '', 'Advised him how those 2 Options work. ', 1),
	(416, 1, '2020-12-15', '15:45:14', 0, 0, 'Umesh', 64, 14, '', NULL, 11, 37, '', 'How to enable WIFI?', 'F71, F72, F3824', 1),
	(417, 3, '2020-12-15', '15:55:22', 0, 0, 'Omesh', 64, 14, '', NULL, 11, 37, 'Omesh wanted to know how to enter "_" for the WIFI password.', 'Symbols for WIFI password.', 'Guided him through the Control panel to to Wifi Option and configured it from the Terminal back end.', 1),
	(418, 3, '2020-12-16', '09:17:44', 0, 0, 'Loius', 4, 16, '04631905', 37, 11, 37, 'Ali Pay Chat. Louise wanted to remove Web app', 'Removing Web App.', 'Pointed to R6 release and advised him to contact us if it didn\'t worked.', 1),
	(419, 3, '2020-12-16', '10:38:24', 0, 0, 'Jaco', 11, 16, '14161072', NULL, 1, 10, 'Jacob wanted to point a Logo.\r\n\r\nLogo Desk 5000.', '', 'Logo pointed. ', 1),
	(420, 3, '2020-12-16', '12:19:20', 0, 0, 'Steven', 4, NULL, '22986092', 40, 1, 11, 'Steven wanted the terminal on latest Software.', '', 'Advised him that is already on latest. ', 1),
	(421, 1, '2020-12-16', '12:19:35', 0, 0, 'Phil', 27, 14, '', NULL, 11, 37, 'He doesn\'t know how to LOGON through PC-EFTOS.\r\n', 'Nitro terminal: How to enable Payway?', 'F 7418-4. Logon through PC-EFTPOS client, Restart. \r\n(Helped to do Logon by Teamviewer)\r\nCustomer will test for contactless, will back if it would not work.', 2),
	(422, 1, '2020-12-16', '13:11:38', 0, 0, 'Dip', 40, 14, '', NULL, 11, 37, 'TID: 10834001\r\nLast Time: 1:25PM\r\nhappens with each transaction.\r\n', 'On pay way showing"Invalid Merchant"', 'Asked for a try with other cards: Same issue\r\nTry to do LOGON, Restart: Same issue\r\nNilesh called Paymark and Paymark says the customer has enabled pay way today so now the dealer has to contact merchant bank for that issue.\r\n(Instructed)\r\n', 1),
	(423, 1, '2020-12-16', '16:22:12', 0, 0, 'Rich', 28, 10, '', NULL, 11, 37, 'Tried other SIMS: works fine\r\nSpark SIM wasn\'t in use for 1 year, but he says if RKI and TMS working then LOGON should work.\r\nTried on 10 different terminals. \r\nAll terminal has the latest software and keys.', 'On spark does RKI, TMS, but fails LOGON.\r\nChange to Paymark and does LOGON works fine, now change back to Spark and does LOGON.\r\nAgain on Spark do RKI, TMS, Logon fails.', 'Discuss with the team.\r\n\r\n\r\n17/12/2020\r\nSpoken with Nilesh, he suggests that there is an issue with IP. \r\n\r\nFollowed Up to customer;\r\nAdvised customer, there is an IP issue currently, our team is working on that, and in the case in future, if you find the same problem, just call us back and we will solve it manually. (As Nilesh advised)', 1),
	(424, 1, '2020-12-16', '16:52:18', 0, 0, 'Dip', 40, NULL, '', NULL, 6, 24, '', '', '', 1),
	(425, 3, '2020-12-17', '10:53:04', 0, 0, 'AB', 2, NULL, '', NULL, 11, 37, 'AB wanted to speak with Kishan.', 'Transferred the call.', 'Transferred the call.', 1),
	(426, 1, '2020-12-17', '12:58:01', 0, 0, 'James', 36, 10, '23837265', NULL, 9, 32, '', 'When he is trying to pair the device with base, shows association in progress and fails.\r\nTried different base and also check on TMS it is on the latest software.\r\n(He just got that terminal from skyzer recently just like a day before)', 'Send back to Skyzer for repair. ', 1),
	(427, 3, '2020-12-17', '13:25:49', 0, 0, 'James', 88, 9, '22622552', NULL, 5, 21, 'Richard called in regards to ICT 220 terminal, and wanted to know why the Hospitality was removed he advised that he upgraded it to latest advised him that it must have had one of the earlier versions since we removed it on latest software version, Richard requested for the PDF guide. ', '', 'PDF Guide for Software version --> SENT.', 1),
	(428, 3, '2020-12-17', '14:28:30', 0, 0, 'Harsh', 66, 15, '10949054', NULL, 11, 37, 'Downloading latest Software, Terminal is not pointed to the latest.', 'Pointed to the latest.', 'Pointed to the latest. Advised to download the latest.', 1),
	(429, 6, '2020-12-17', '14:41:11', 0, 0, 'Peter', 37, NULL, '', NULL, 10, 34, 'Had an issue with enabling Nitro as Interface was turned ON.', '', '', 1),
	(430, 1, '2020-12-18', '10:07:37', 0, 0, 'Shasi', 5, 14, '', NULL, 4, 40, 'Called back: 075786669\r\nShe will back as terminals don\'t have Battery. \r\n', 'NITRO: 01546864\r\nNOT NITRO: 01221293 > Key: 1628231', '', 2),
	(431, 3, '2020-12-18', '11:09:03', 0, 0, 'Mike', 59, 14, '', NULL, 1, 10, 'Mike wanted to change the logo will be calling back when he is on site.', '', '', 1),
	(432, 1, '2020-12-18', '13:53:21', 0, 0, 'Mohit', 35, NULL, '', NULL, 11, 37, 'TID: 10920803\r\n', 'Release keys.', 'Called Paymark.', 1),
	(433, 1, '2020-12-18', '12:02:29', 0, 0, 'Ricahrd', 28, 11, '', NULL, 11, 37, '', 'Call 1:\r\nModem error.\r\nCall 2:\r\nDoing RKI, Release but not doing LOGON.', 'Call 1:\r\nPlease confirm SIM credits.\r\nCall 2:\r\nReste configurations completely F 7418-8. ', 1),
	(434, 1, '2020-12-18', '16:48:32', 0, 0, 'Navi', 91, NULL, '', NULL, 11, 37, 'TID: 11589501', 'Release key.', 'Called pay mark.', 1),
	(435, 1, '2020-12-21', '09:38:58', 0, 0, 'Jonathan', 52, 14, '', NULL, 11, 37, '', 'GPRS issue, no signals', 'Changed M2M to Spark.', 1),
	(436, 1, '2020-12-21', '12:40:27', 0, 0, 'Nadial', 17, 10, '21807940', NULL, 11, 37, '', 'GPRS No Signals', 'Did reconfigured.\r\nRecently got from Skyzer after mainboard repair.\r\nSend to Skyzer.', 1),
	(437, 1, '2020-12-21', '13:08:49', 0, 0, 'Arfaat', 58, 9, '24578322', NULL, 11, 37, '', 'Wanted to know memory size?', '32MB', 1),
	(438, 1, '2020-12-21', '13:24:12', 0, 1, 'Logan', 3, 9, '', NULL, 3, 17, 'Vineel asked us to call the customer and assist him.\r\nSending back to Skyzer.', '', '', 1),
	(439, 3, '2020-12-21', '13:22:21', 0, 0, 'Sid', 48, 10, '', NULL, 5, 23, 'IWL255 _ Func +8,\r\n\r\nSid wanted to know how to Bypass the Surcharge option.', 'Advised him how to Bypass the Surcharge option.', '', 1),
	(440, 1, '2020-12-21', '13:25:22', 0, 0, 'Shaun', 11, NULL, '', NULL, 11, 37, '', 'Can we reactivation from Dealerzone website?', 'No, not available on DealerZone yet.', 1),
	(441, 1, '2020-12-21', '13:40:31', 0, 0, 'David', 2, 10, '21142057', NULL, 11, 37, '', 'Is it active?', 'Yes', 1),
	(442, 1, '2020-12-22', '09:39:44', 1, 0, 'Suds/Phew', 20, NULL, '', NULL, 11, 37, 'Called: 0220825512\r\n', 'Can we set a restriction on Payway?', 'No', 1),
	(443, 1, '2020-12-22', '10:59:04', 0, 0, 'Pet', 37, NULL, '', NULL, 11, 37, '', 'Payway is not working?', 'Ask pay mark to enable it as the customer hasn\'t use pay way so far.', 1),
	(444, 1, '2020-12-22', '11:15:57', 0, 0, 'Nakul', 67, 18, '200467313071053913697247', NULL, 11, 37, 'TID: 10067589\r\n\r\n', 'On-screen showing tiny symbols and restart it by itself.', 'Discussed with a team, and have to send back that device and request for a replacement.', 1),
	(445, 1, '2020-12-22', '15:29:57', 0, 0, 'Danil', 16, NULL, '25237389', NULL, 11, 37, '', 'on DealerZone what is that Disable terminal mean?', 'Disabled the terminal so the customer cannot use that anymore but make sure after disabled contact TMS.\r\n(Disable is completely different from DIACTIVATION)', 1),
	(446, 1, '2020-12-22', '16:20:40', 0, 0, 'Sona', 41, 11, '', NULL, 9, 32, '', '', '', 1),
	(447, 1, '2020-12-23', '09:24:46', 0, 0, 'David', 2, 21, '25116085', NULL, 1, 42, '', 'Why it download files every time contact TMS?', 'This is how it is.', 1),
	(448, 1, '2020-12-23', '09:10:19', 0, 1, 'Dyson', 16, 16, '13431870', NULL, 11, 37, '\r\n', 'Hello Vineel,\r\nIs there a time frame on a proper fix for this pinpad synchronisation lockup on the desk5000 terminals?\r\nWe have one customer in particular that its happening to several times a day, and its now at the point where theyre threatening to return our terminal as not fit for purpose and go elsewhere for one.\r\nTheir serial number is 13431870.\r\nThey had one of the bad pinpad cables to start, but thats been replaced with a new one already.\r\n\r\nThe release notes say a fix has been identified no further instances recorded but this fix still hasnt rolled out to general availability.\r\nTMS shows the terminal as running Tetra Paymark Release 2018.1 R6 (which does not line up with the naming scheme that terminals actually show on screen).\r\n\r\nIf there is a pilot software available that is being shown to resolve this issue, point them at it. If the software is almost at GA, give me a time frame. The weird software quirks of these terminals are getting beyond a joke.\r\n', 'I had a word with Dyson, he provided following information;\r\nEnvironment?\r\nPOST Office\r\n\r\nHow often this happens?\r\nA couple of times a day\r\n\r\nWhat they did to resolve?\r\nRestart terminal\r\n\r\nWhat specific time does it happen?\r\nNot Sure\r\n\r\nPurchased Date (Desk5000)\r\nFeb 2020\r\n\r\n Did they try with swapping pinpad?\r\nYes, but still having an issue\r\n', 2),
	(449, 3, '2020-12-23', '09:49:52', 0, 0, 'Jacob', 11, NULL, '', NULL, 11, 37, 'Jacob wanted to speak with Henry. ', 'Transferred the call to Henry.', 'Transferred the call to Henry.', 1),
	(450, 3, '2020-12-23', '09:53:16', 0, 0, 'Swinesh', 12, NULL, '', NULL, 11, 37, 'Swinesh wanted to speak with Nilesh.', 'Advised him that will pass the details to Nilesh to call him back.', 'Advised him that will pass the details to Nilesh to call him back.', 1),
	(451, 1, '2020-12-23', '09:47:56', 0, 0, 'Din', 5, 10, '21708532', NULL, 11, 37, '', 'No network bars?', 'Tried diffrent SIM.\r\nTried reset configuration.\r\nSend back to Skyzer for repair. ', 1),
	(452, 1, '2020-12-23', '11:14:24', 0, 0, 'David', 2, 11, '22558574', NULL, 12, 38, '', 'The terminal is active?', 'No', 1),
	(453, 1, '2020-12-23', '11:16:57', 0, 0, 'Ricahrd', 41, 10, '', NULL, 11, 37, '', 'Insert paper roll?', 'Cleaned lense with alcohole.\r\nMust be a hardware issue, send us for service.', 1),
	(454, 1, '2020-12-23', '12:20:48', 0, 0, 'Missed', 4, NULL, '25761166', NULL, 1, 10, '', '', '', 1),
	(455, 1, '2020-12-23', '12:11:26', 0, 0, 'David', 2, 10, '26224498', NULL, 11, 37, 'Merchant ID?\r\n', 'Merchant LOGONfailed.', 'internet was not working.', 1),
	(456, 1, '2020-12-23', '12:57:19', 0, 0, 'John', 41, 21, '', NULL, 11, 37, 'ICT250: ', 'How to increase brightness?', 'M - 0 - Init - Parameter - Hardware - Display - Backlight - (Up and Down arrow to change)', 1),
	(457, 1, '2020-12-23', '15:49:49', 0, 0, 'Phill', 7, 16, '', NULL, 4, 41, 'As Vineel instructed for phil@alpinesalmon.nz.', '', '', 1),
	(458, 1, '2020-12-23', '16:35:53', 0, 0, 'Phill', 48, 21, '25119566', NULL, 1, 42, '', 'Why is taking long.', 'Because customer using SIM.', 1),
	(459, 1, '2020-12-24', '09:07:10', 0, 0, 'Richard', 44, 14, '', NULL, 14, 44, 'Advise pending', '', '', 2),
	(460, 1, '2020-12-24', '10:30:11', 0, 0, 'Arfaat', 49, NULL, '', NULL, 11, 37, '', 'Header & Footer?', 'F 3825', 1),
	(461, 1, '2020-12-24', '12:32:32', 0, 0, 'Abhi', 56, 14, '11350676', NULL, 4, 40, '', '', '', 1),
	(462, 1, '2020-12-24', '12:43:17', 0, 0, 'AB', 56, 14, '', NULL, 4, 41, '442qiz', '', '', 2),
	(463, 1, '2020-12-29', '09:03:48', 0, 0, 'Danial', 16, 10, '20314738', NULL, 12, 38, 'Please update on compliance too.', '', '', 1),
	(464, 1, '2020-12-29', '09:24:19', 0, 0, 'Jor', 54, 11, '21878234', NULL, 9, 32, 'The terminals we tried both have old software. \r\nHe doesn\'t have dealer zone access to upgrade that terminal with the latest.', '', 'Tried to remove old devices and repair,\r\nTried a different terminal. \r\n\r\nCould be base faulty. ', 1),
	(465, 1, '2021-01-05', '11:28:22', 0, 0, 'Shaon', 26, 15, '07202317', NULL, 4, 40, 'NITRO: 07202317\r\nKey: 1307803\r\n', '', '', 1),
	(466, 1, '2021-01-05', '13:17:02', 0, 0, 'Daniel', 16, 10, '20314738', NULL, 1, 10, '', '', '', 1),
	(467, 1, '2021-01-06', '09:35:23', 0, 0, 'Andrew', 33, NULL, '', NULL, 11, 37, '', 'Keep checking today\'s income!\r\nCan we remove \'Inquiry\'\r\n(Menu -> Admin Menu -> Inquiry.)', 'No, this is how it programmed.', 1),
	(468, 1, '2021-01-06', '11:46:42', 0, 0, 'Jao', 41, 10, '', NULL, 11, 37, '', 'How to do offline transaction?', 'Unplugged Ethernet.', 1),
	(469, 1, '2021-01-06', '16:29:09', 0, 0, 'Luice', 18, 21, '', NULL, 4, 41, 'mm5k15', '', '', 1),
	(470, 1, '2021-01-07', '10:36:57', 0, 0, 'Alan', 41, 15, '', NULL, 5, 46, '', 'How to enable?', 'F 7418 - 7 ', 1),
	(471, 3, '2021-01-07', '10:37:46', 0, 0, 'Arafat', 41, NULL, '', NULL, 4, 41, 'Arafat called in for a Nitro issue and advised that he is having a problem with Nitro terminals loosing connection at the same time 4 Lanes, Arafat advised that the POS is an Australian POS advised him to get the POS name and the Nitro version and to call us back.', 'Arafat will call back.', 'Arafat will call back. ', 1),
	(472, 1, '2021-01-07', '11:36:03', 0, 0, 'Shaon', 44, 17, '04931670', NULL, 1, 11, 'Was not created on TMS', '', '', 1),
	(473, 1, '2021-01-07', '11:46:56', 0, 0, 'Arfat', 41, 11, '21928424', NULL, 4, 41, 'Installed latest for 1 PC and advised to do same for other # PCs', '', '', 1),
	(474, 1, '2021-01-07', '12:26:02', 0, 0, 'Arfaat', 47, NULL, '', NULL, 4, 41, 'Gave latest', '', '', 1),
	(475, 1, '2021-01-07', '16:07:17', 0, 0, 'Nirosha', 67, 18, '172977313071053901935357', NULL, 9, 33, 'TID: 10111978\r\nEmailed to KB: \r\nHi Team,\r\n\r\nFollowing customer was not willing to co-operate for troubleshooting. \r\nI also told her, we can arrange a replacement for you but she was saying she already having replaced device and it also having same issue like before. (She mentioned, might have an issue with within her building regarding Internet where the terminal drop connection)\r\n\r\nHowever, I ask her to contact back to Kiwibank for your further discussion (regards to what she want to do).\r\n\r\nThank you. &#128543;\r\n', '', '', 1),
	(476, 1, '2021-01-08', '15:46:27', 0, 0, 'Shiva', 14, NULL, '', NULL, 7, 27, 'atrentals@outlook.com\r\n\r\nHi,\r\n\r\nAs requested over the phone, please find instruction to configure ACTIVATA;\r\n\r\nTo enable ACTIVATA: \r\nPress FUNC + 4001 -> Enable\r\n\r\nTo configure ACTIVATA ID: \r\nPress FUNC + 4824 -> ENTER -> [Enter ACTIVATA ID] -> ENTER -> [Enter Merchant ID (Should be first 6 digit of the ACTIVATA ID)] -> ENTER -> [Choose the right COMMS mode] -> Press Enter all the way. \r\n\r\nTo do ACTIVATA Logon:\r\nPress MENU -> ACTIVATA ADMIN -> LOGON\r\n\r\nNow, all set, should be up and running with ACTIVATA. \r\n\r\nThank you.\r\n', '', '', 1),
	(477, 3, '2021-01-08', '10:41:08', 0, 0, 'Kevin', 37, 21, '26976120', NULL, 11, 37, 'Vodafone Sim card, the sim card is working on the other Terminal, But it is not working on this Terminal, but 2 degrees sim card works fine on the terminal. ', 'GPRS Issue.', 'Asked Kevin to contact TMS as well since it was missing some files from TMS, Keivin advised that it is attached to a Pin pad, advised him that it will take some time though, also to give us a call back after completely updating the Terminal and the Pin pad and configuring to GPRS whether it is going to work or not. . .Kevin will call back! ', 1),
	(478, 1, '2021-01-08', '11:27:16', 0, 0, 'Charllote', 67, 12, '15065PP20479220', NULL, 9, 33, 'instead of upgrade the app through the Play store, I asked him to uninstall the app completely and install it again, and that worked.', '', '', 1),
	(479, 1, '2021-01-08', '13:10:27', 0, 0, 'Kevin', 42, 9, '', NULL, 5, 23, 'Pinpad 310  \r\n\r\n', 'Sometimes it happens like when a customer uses contactless they just tap it and go they don\'t see surcharge thing and press enter so is there any way to bypass this automatically.', 'You can combine the actual money + surcharge either Bypass surcharge.\r\nBut there is no way to Press Enter automatically.', 1),
	(480, 1, '2021-01-08', '13:34:01', 0, 0, 'Shiva', 14, NULL, '21474694', NULL, 7, 27, '', 'This terminal not showing ACTIVATA.', 'Needs to contact TMS as it is on old software.', 1),
	(481, 1, '2021-01-11', '10:53:01', 0, 0, 'Cherry', 47, 10, '21708895', NULL, 1, 11, 'It was on diffrent software version.', '', '', 1),
	(482, 1, '2021-01-11', '11:28:01', 0, 0, 'Arfaat', 47, NULL, '', NULL, 4, 19, 'Print: NPT\r\n', '', '', 1),
	(483, 1, '2021-01-12', '11:36:35', 0, 1, 'David', 34, 15, '01946673', NULL, 11, 37, 'The terminal is on the latest software.\r\n\r\nThis is happening on each and every transaction.\r\n\r\nWhen we send transactions to pinpad it stays still on Paymark screen but the customer still can access swip/insert the card on the transaction. However, pinpad shows Processing Now on Logon through the terminal.\r\n\r\nNot using 16/16 cable\r\n\r\n', 'Hi Team,\r\n\r\nI received a call yesterday from David, POSCO regarding IPP315 not displaying SWIPE / INSERT CARD on the screen.\r\n\r\nHe replaced the terminal and pinpad at the site and the new terminal is also having the same issue, not displaying the SWIPE /INSERT CARD on the pinpad screen. They can swipe or insert a card on the pinpad which does get read and then starts to display all the other display prompts.\r\n\r\nCan you please contact David to look at this issue.\r\n\r\nKind Regards,\r\n\r\nVINEEL DHANI\r\n', 'Awaiting ', 2),
	(484, 1, '2021-01-12', '12:11:28', 0, 0, 'Gavin', 31, 15, '', NULL, 11, 37, '', 'Swipe/Insert not working for ANZ/ASB/BNZ\r\nWorking fine with WestPac\r\n', 'Ask the customer to make sure what error message it shows while swipe/Insert other cards?', 2),
	(485, 1, '2021-01-12', '12:16:47', 0, 0, 'Nakul', 67, 18, '181537313191054102745179', NULL, 9, 33, 'TID: 10071356\r\n', '', 'Uninstalled the app and installed again. ', 1),
	(486, 3, '2021-01-12', '15:49:17', 0, 0, 'Nakul', 67, 18, '', NULL, 9, 33, 'Nakul advised pairing issue with the Terminal, Transferred the Customer.', 'TID - 10115451', 'Troubleshooted with the Customer and the terminal is up and running. ', 1),
	(487, 1, '2021-01-12', '16:16:30', 0, 0, 'Vaan', 37, NULL, '', NULL, 5, 23, '', 'Can we set a fix minimum amount for a surcharge?', 'No.', 1),
	(488, 1, '2021-01-13', '09:26:30', 0, 0, 'Naithen', 19, 21, '81370131', NULL, 4, 41, 'pfi765, v89s2w', '', '', 1),
	(489, 1, '2021-01-13', '12:44:27', 0, 0, 'Chris', 90, 9, '', NULL, 11, 37, '', 'Flash full', 'Change sys size to 10', 1),
	(490, 1, '2021-01-13', '15:14:21', 0, 0, 'Carry', 49, 11, '', NULL, 11, 37, '', 'NITRO USB is not the right angle as we need so that could be the issue if there is a loose connection?', 'Not sure, try with right angle one and see the difference,', 1),
	(491, 3, '2021-01-14', '10:13:25', 0, 0, 'Charlotte', 67, 18, '', NULL, 2, 12, 'Charlotte called in regards to the terminal is not getting connected, Transferred the Customer. ', '', 'Removed all the BT devices and paired the terminal again. Terminal was up and running. Advised Kiwi bank,', 1),
	(492, 1, '2021-01-14', '09:52:50', 0, 0, 'Din', 5, 14, '01587294', NULL, 11, 37, '', 'Keep losing connection with cradle', 'Replace the cradle and see the difference.', 1),
	(493, 6, '2021-01-14', '16:48:06', 0, 0, 'Scott', 37, NULL, '', NULL, 2, 12, 'Terminal wasn\'t doing RKI as terminal wasn\'t pair with base. After paring with base , terminal started working.\r\n', '', '', 1),
	(494, 1, '2021-01-15', '10:48:24', 0, 0, 'Cheery', 49, 21, '25119908', NULL, 4, 40, '1211104', '', '', 1),
	(495, 1, '2021-01-15', '10:59:12', 0, 0, 'Cheery', 41, NULL, '', NULL, 4, 41, '1ykz75, yc1b99', '', 'Had old software.', 1),
	(496, 1, '2021-01-15', '11:44:30', 0, 0, 'Haden', 10, 15, '', NULL, 5, 46, '', '', '', 1),
	(497, 1, '2021-01-15', '11:51:12', 0, 0, 'Haden', 10, NULL, '', NULL, 11, 37, '', '"EPOS" is certified through Skyzer?', 'No', 1),
	(498, 1, '2021-01-15', '14:09:46', 0, 0, 'David', 90, 15, '08279070, 08264626', NULL, 11, 37, 'IPP315: Blank Screen\r\n50/50', 'Pinpad showing blank screen.', 'Was on Override Download Window ? Yes. ', 1),
	(499, 1, '2021-01-15', '16:02:55', 0, 0, 'Charlotte', 67, NULL, '', NULL, 9, 33, 'TID: 10112150\r\n', '', '', 1),
	(500, 1, '2021-01-15', '16:03:20', 0, 0, 'Charlotte ', 67, NULL, '', NULL, 9, 33, 'TID: 10112150', '', '', 1),
	(501, 1, '2021-01-18', '10:29:54', 0, 0, 'Richard', 36, 21, '', NULL, 3, 17, '', 'ICT250 - IPP315', 'It would not work because it is not compatible at all, you have to use the only IPP310 for ICT250.', 1),
	(502, 6, '2021-01-18', '00:00:00', 0, 0, 'terry', 49, NULL, '', NULL, 1, 10, 'Terminal stuck on a blue screen , Standalone mode.\r\nTerry noticed it when terminal is on idle mode.\r\nAdvised terry to contact TMS and monitor it how it work after contacting TMS.\r\n', '', '', 1),
	(503, 1, '2021-01-18', '15:26:48', 0, 0, 'Tony', 95, 21, '', NULL, 11, 37, '', 'Enabled credit card facility from the terminal but still not working.\r\nTID: 77459801/Grisbon boys high school', 'Confirm with Paymark it will get active by 19/01/2021. ', 1),
	(504, 1, '2021-01-19', '12:11:56', 0, 0, 'Arfaat', 45, 10, '20286838', NULL, 11, 37, '', 'Keep restarting issue.', 'Found faulty Battery. ', 1),
	(505, 1, '2021-01-19', '12:30:58', 0, 0, 'Gavin', 31, NULL, '', NULL, 11, 37, '', 'Swapping from ICT to Desk, do the same power supply would be fine?', 'Yes', 1),
	(506, 1, '2021-01-19', '14:08:15', 0, 0, 'Carry', 49, NULL, '', NULL, 4, 41, '8535', '', '', 1),
	(507, 1, '2021-01-19', '15:26:17', 0, 0, 'Nakul', 67, 18, '', NULL, 9, 33, 'TID: 10107890', '', 'Initially, customer requested for IOS, but as he changed his mind so I help him through Android setup.', 1),
	(508, 1, '2021-01-19', '16:21:35', 0, 0, 'Umesh', 41, NULL, '21971421', NULL, 11, 37, '', 'Can you check what terminal ID this terminal configured with.?', 'TMS -> SKyzer Parameter -> 68774105', 1),
	(509, 1, '2021-01-20', '10:05:07', 0, 0, 'Nakul', 67, 18, '', NULL, 11, 37, '', 'IOS - Link2500\r\nwhy does it keep dropping the connection while the customer gets out of the app?', 'Customer needs to be in-app all the time that\'s how it is for IOS.', 1),
	(510, 6, '2021-01-20', '11:22:23', 0, 0, 'Darcy', 49, NULL, '', NULL, 1, 11, 'Terminal has been stolen and he wants to top working this terminal.\r\nAdvised him to contact paymark and informed paymark about this.', '', '', 1),
	(511, 1, '2021-01-20', '13:32:18', 0, 0, 'Carry', 49, NULL, '10808161, 14160603', NULL, 1, 10, '', '', '', 1),
	(512, 1, '2021-01-20', '13:47:07', 0, 0, 'Challotte', 67, 18, '', NULL, 9, 33, 'TID: 10112234', '', '', 1),
	(513, 1, '2021-01-21', '14:18:48', 0, 0, 'Sonia', 41, NULL, '', NULL, 11, 37, 'Ingenico-Menumate  \r\n', 'is there any way to stop customer receipt from POS external printer?', 'No', 1),
	(514, 1, '2021-01-21', '14:27:22', 0, 0, 'Joan', 92, NULL, '81370144', NULL, 12, 38, 'Put that to prevent download to get reactive.', '', '', 1),
	(515, 1, '2021-01-21', '15:34:40', 0, 0, 'Umesh', 64, 14, '', NULL, 11, 37, '', 'Move5000 Battery Percentage?', 'FUNC 20', 1),
	(516, 1, '2021-01-22', '14:32:06', 0, 0, 'Din', 5, 21, '350421', NULL, 4, 41, '', 'Can we initiate NITRO to the terminal over the phone?', 'No', 1),
	(517, 1, '2021-01-22', '16:23:00', 0, 0, 'Charlotte', 67, 18, '', NULL, 9, 33, 'TID: 11222501', '', '', 1),
	(518, 1, '2021-01-25', '10:32:17', 0, 0, 'Jacob', 92, NULL, '', NULL, 11, 37, '', '53 offline transactions with Alert!! is that possible to recover?', 'Cannot guaranty you.', 1),
	(519, 1, '2021-01-25', '13:28:27', 0, 0, 'Gavin', 31, 15, '116770624', NULL, 7, 28, '', '', '', 1),
	(520, 1, '2021-01-25', '15:17:15', 0, 0, 'Lio', 30, 21, '25119261', NULL, 11, 37, '', 'Was showing offline on screen.', 'Did RKI again.', 1),
	(521, 1, '2021-01-26', '09:36:00', 0, 0, 'Scott', 73, NULL, '', NULL, 5, 46, '', 'CTL Receipt was not working', 'FUNC 7415 - CTL Receipt: ON', 1),
	(522, 1, '2021-01-26', '09:47:09', 0, 0, 'Daniel', 16, 15, '13327669', NULL, 11, 37, '', 'Keep restarting terminal on the welcome screen.', 'No solutions at this stage. (Nilesh said)', 1),
	(523, 1, '2021-01-26', '11:35:57', 0, 0, 'Kevin', 66, NULL, '', NULL, 11, 37, '', 'How to get off from the language English/Franch screen.', 'Press ENTER all the way.', 1),
	(524, 1, '2021-01-26', '12:21:00', 0, 0, 'Darreen', 6, 15, '', NULL, 11, 37, '', 'Following up on 20/01/2021 12:PM email.', 'N/A', 1),
	(525, 1, '2021-01-26', '14:31:31', 0, 0, 'Joan', 92, 21, '22487089', NULL, 11, 37, '', 'Keep flashing', 'Send to SKyzer, Att: Jay', 2),
	(526, 1, '2021-01-26', '14:50:55', 0, 0, 'Richard', 2, NULL, '', NULL, 4, 41, '', 'Is it hard to switch from Serial to USB?', 'No,  just make sure FUNC 6629 - 2 USB.', 1),
	(527, 6, '2021-01-26', '15:23:12', 0, 0, 'Richard', 48, NULL, '', NULL, 1, 11, 'Terminal kept on showing \'TMS Trans failed , file open \' error message.  0274380063 call Richard . Shani will look into the issue and let us know. ', '', '', 2),
	(528, 1, '2021-01-26', '16:22:18', 0, 0, 'Sonia', 41, 15, '', NULL, 11, 37, '', 'How to save battery?', 'Change brightness and timeout settings', 1),
	(529, 1, '2021-01-27', '09:21:10', 0, 1, 'Jacob', 92, 21, '', NULL, 11, 37, 'On-site Jacob gave me a terminal which has.\r\nSpoken over the phone and Emailed too', ' 53 offline transactions and also says alert irruption.', 'Need to reset terminal and can\'t retrieve all those transactions back. as result customer has to go bank with all those offline transactions receipt. \r\nHowever, the terminal needs to be serviced.\r\n', 1),
	(530, 1, '2021-01-27', '11:09:59', 0, 0, 'James', 88, 21, '', NULL, 11, 37, '', 'IPP310 - ICT250\r\nPinpad keeps flashing down bottom LED light.', 'It is normal. (Nilesh)', 1),
	(531, 6, '2021-01-27', '11:14:24', 0, 0, 'Steven', 5, NULL, '', NULL, 3, 15, 'IWL/255 DB9 error message.\r\n\r\nWorking fine up until 27/01 and start rebooting constantly with DB9 error message after each reboot.\r\n \r\nAdvised Steven to replace the battery and examine terminal , if it still doing the same , send back the terminal.', '', '', 1),
	(532, 1, '2021-01-27', '11:25:35', 0, 0, 'James', 88, NULL, '22307345 ', NULL, 11, 37, '', 'ICT220 / 22307345 : Stuck on LLT', 'Send us on Skyzer', 1),
	(533, 1, '2021-01-27', '14:04:31', 0, 0, 'Umesh', 64, 14, '', NULL, 4, 41, 'Where to insert USB cable on Move5000', '', '', 1),
	(534, 1, '2021-01-27', '13:46:31', 0, 0, 'Bobby', 41, NULL, '', NULL, 11, 37, '', 'IPP310 do you have extension cables?', 'Transferred called to service', 1),
	(535, 1, '2021-01-27', '15:04:39', 0, 0, 'Umesh', 64, 14, '01304064', NULL, 1, 10, '', '', '', 1),
	(536, 1, '2021-01-27', '16:08:11', 0, 0, 'STeven', 4, NULL, '23566790', NULL, 11, 37, '', 'On Logon /RKI / Transaction \r\n"Transaction cancelled" automatically. ', 'Do re-merchant configuration ', 1),
	(537, 1, '2021-01-27', '16:11:54', 0, 0, 'Srivan', 12, NULL, '', NULL, 11, 37, '', 'Interface: For Move5000 base what port we use?', 'COM0', 1),
	(538, 1, '2021-01-28', '09:12:37', 0, 1, 'Charlotte', 67, 12, '', NULL, 9, 33, 'TID: 10070698', '', '', 1),
	(539, 1, '2021-01-28', '09:44:26', 0, 0, 'Rich', 28, 10, '26422421', NULL, 14, 44, 'Eftpos offline. SIM doesn\'t have enough credit. Tested on ethernet worked fine.\r\n', '', '', 1),
	(540, 1, '2021-01-28', '10:24:25', 0, 0, 'Chilli', 54, NULL, '', NULL, 11, 37, 'ICT250\r\n24622065\r\n ', 'How to check whether the terminal is 3G or not?', 'The only way to plug in and see at the top of the screen.', 1),
	(541, 1, '2021-01-28', '12:20:28', 0, 0, 'James', 88, NULL, '', NULL, 11, 37, '', 'Confused to go further on language screen English/French', 'Suggested to press ENTER all the way', 1),
	(542, 1, '2021-01-28', '12:53:14', 0, 0, 'James', 88, NULL, '', NULL, 11, 37, 'TELIUM  APRIL/21', 'Does TELIUM terminal is getting expires by end of APRIL/21? as per Vineel\'s email.', 'No, it says you won\'t be able to buy a new one but existing one would be work fine. For more guidance gave Vineel contact. ', 1),
	(543, 1, '2021-01-29', '10:56:47', 0, 0, 'Chris', 49, 14, '', NULL, 11, 37, '', 'How to set sleep time?', 'M - 0 - 6988 - Control Panel - ECO Mode ', 1),
	(544, 6, '2021-01-29', '11:23:55', 0, 0, 'reig', 28, NULL, '', NULL, 2, 12, 'Reig complained about terminal not doing RKI and Logon.\r\nConfirmed with him after an hour and there was a Vodafone outage causing this issue. ', '', '', 1),
	(545, 1, '2021-01-29', '12:05:03', 0, 0, 'John', 41, NULL, '', NULL, 11, 37, '', 'Counter Intelligence is certified by NITRO?', 'Yes, only NITRO', 1),
	(546, 1, '2021-01-29', '12:41:44', 0, 0, 'David', 5, 21, '', NULL, 4, 41, '1007434595\r\nCalnar999', '', '', 1),
	(547, 1, '2021-01-29', '13:18:53', 0, 0, 'David', 66, NULL, '', NULL, 9, 33, '', '', '', 1),
	(548, 1, '2021-01-29', '13:37:26', 0, 0, 'Alan', 41, NULL, '02981781', NULL, 4, 41, '\r\n', '2xDesk5000 NITRO -> has \r\n1. morning check lost connections\r\n', 'USB driver was missing from PC. So, installed the latest USB driver ', 1),
	(549, 1, '2021-02-02', '09:25:47', 0, 0, 'Warric', 73, 16, '', NULL, 11, 37, '', 'Network card issue!!!', 'M - 0 - CNtrl panel - Terminal Settings - Communication means - Etehrnet - RESET', 1),
	(550, 1, '2021-02-02', '09:45:35', 1, 1, 'Suzi', 55, 10, '', NULL, 11, 37, '', 'How to check software version?', 'FUNC 99', 1),
	(551, 1, '2021-02-02', '10:44:27', 0, 0, 'James', 36, NULL, '', NULL, 4, 41, '\r\n\r\n', 'Can we reprint receipt after automatic cutover?', 'No (Henry)', 1),
	(552, 1, '2021-02-02', '12:47:02', 0, 0, 'Cheery ', 47, NULL, '', NULL, 4, 41, 'rq9n37', '', '', 1),
	(553, 1, '2021-02-02', '12:41:45', 0, 0, 'Shilla', 28, NULL, '20402095', NULL, 11, 37, 'carry: 250: Paymark \r\n', 'Internet is not working!', 'Double-check with Ethernet?', 1),
	(554, 1, '2021-02-02', '14:01:56', 0, 0, 'Navi', 91, NULL, '', NULL, 11, 37, '', 'Need to key release.\r\nTID: 05467001', 'Called Paymark.', 1),
	(555, 6, '2021-02-02', '14:50:40', 0, 0, 'Hazel', 38, NULL, '01164480', NULL, 3, 15, 'Whangarei aqatic centre\r\nHazel\r\n\r\nTerminal has alert eruption. Advised her to send it back to Skyzer. ', '', '', 1),
	(556, 1, '2021-02-02', '15:08:24', 0, 0, 'Mitual', 40, 14, '', NULL, 11, 37, '', 'Error init', 'Enabled CTL', 1),
	(557, 1, '2021-02-03', '09:20:07', 0, 0, 'Vrris', 40, NULL, '', NULL, 11, 37, '', 'Quest is certified?', 'Yes, for 1 way Interface.', 1),
	(558, 1, '2021-02-03', '10:42:51', 0, 0, 'Navi', 91, NULL, '', NULL, 11, 37, '', 'TID: 11685801', 'Released key', 1),
	(559, 1, '2021-02-03', '11:10:48', 0, 0, 'Richard', 48, NULL, '24464622', NULL, 11, 37, '', 'Invalid header', 'Change sys size to 16', 1),
	(560, 1, '2021-02-03', '11:41:40', 0, 0, 'Hedan', 10, NULL, '', NULL, 6, 24, '', '', '', 1),
	(561, 1, '2021-02-03', '12:34:57', 0, 0, 'AVI', 70, 21, '22415115', NULL, 11, 37, 'Ict250 310 ', 'Keeps getting logged off?', 'Upgraded through TMS', 1),
	(562, 1, '2021-02-03', '13:48:46', 0, 0, 'Dasi', 41, 9, '21428110', NULL, 11, 37, '', 'What is the size of it?', '16 MB', 1),
	(563, 6, '2021-02-03', '16:48:31', 0, 0, 'Vivian', 3, NULL, '', NULL, 4, 41, 'I called Vivian to know about the nitro Version for the Erply POS issue , Vivian responded after confirming with the customer that on the site customer is using Nitro version 3.0.1.7.\r\n\r\nAdvised him to update it with latest Nitro version and that may resolve the issue. He will contact us again to install latest Nitro. However he still want us to check the logs.', '', '', 1),
	(564, 6, '2021-02-04', '10:59:24', 0, 0, 'Jerry', 42, NULL, '', NULL, 13, 39, 'Jerry received a Desk/5000 terminal and terminal touch isn\'t work properly. I have advised him to calibrate the terminal and terminal start working fine after calibration.', '', '', 1),
	(565, 1, '2021-02-04', '12:31:13', 0, 0, 'james', 36, NULL, '', NULL, 11, 37, '', 'Hot to enable Credit?', 'F 11 8099', 1),
	(566, 1, '2021-02-04', '16:51:12', 0, 0, 'Navi', 91, NULL, '', NULL, 11, 37, 'TID: 11685801', 'Key release!', 'Called paymark', 1),
	(567, 1, '2021-02-05', '09:20:41', 0, 0, 'Suds', 41, 14, '', NULL, 11, 37, 'Desk5000 - RKI - Logon \r\nHard touch ', 'Hard touch !!!!', 'M - 0 - Human Interface - Calibrate Touch', 1),
	(568, 1, '2021-02-05', '09:52:15', 0, 0, 'Suds', 41, NULL, '', NULL, 11, 37, '\r\n', 'How to check last 4-5 transactions?', 'No, We can\'t do', 1),
	(569, 1, '2021-02-05', '10:19:08', 0, 0, 'Avi', 70, 10, '', NULL, 11, 37, 'IWL 255 - Vodafone\r\nBooster in 2G GPRS - Get 4G signals\r\n', 'Vodafone has installed 4G booster nearby customer\'s office. So, IWL is not getting signals.', 'IWL doesn\'t support 4G networks at all so we can\'t do much.', 1),
	(570, 1, '2021-02-05', '11:42:38', 0, 0, 'Leo', 30, 9, '24937199', NULL, 11, 37, '', 'Can I give this terminal for use to the customer?', 'Let it download the latest software first and it is ok to send to the customer for use.', 1),
	(571, 1, '2021-02-05', '13:28:44', 0, 0, 'David', 66, NULL, '/ 21807674', NULL, 2, 12, 'TID: 10340701\r\nMID: 10103407001\r\nSN: 21686193\r\nHad old keys', '', '', 1),
	(572, 1, '2021-02-05', '13:49:01', 0, 0, 'Sid', 41, NULL, '', NULL, 11, 37, 'Menumate POS : sometinmes: transactions -> eftpos : keep sayimg processing now. \r\nmade done \r\n1301496325 / 4eie52\r\n', 'Menumate showing Processing Now even transactions complete from eftpos .', 'Has old OS we can\'t do much', 1),
	(573, 1, '2021-02-05', '14:08:17', 0, 0, 'Alan', 41, 10, '', NULL, 11, 37, 'Not sure about dealer company name', 'Not charging terminal, tried diffrent batteries but still no charging, showing the symbol of the plug but not getting charged.', 'Send skyzer for service. Also transferred call to service to know how long does it take to get repaired.', 1),
	(574, 1, '2021-02-09', '10:59:53', 0, 0, 'Joe', 26, 14, '', NULL, 11, 37, 'M5000 - ', 'How to configure WIFI?', 'F 71, F 72, F 3824 - COM Mode:9 WIFI', 1),
	(575, 1, '2021-02-09', '11:36:34', 0, 0, 'Leon', 30, 9, '24937199', NULL, 12, 38, 'Was showing Help desk, asked for contact TMS to get resolved.', '', '', 1),
	(576, 5, '2021-02-09', '12:31:47', 0, 0, 'Swati', 54, 10, '', NULL, 11, 37, 'IWL255 GPRS unit constantly rebooting. Eftpos Specialists dunedin helpdesk remotely troubleshooting customer. Asking if there is a function code to stop reboot. ', 'Advised we don\'t have such function code stop rebooting. Swati will lodge job for Technician.', 'ES Helpdesk to book Technician onsite. ', 1),
	(577, 1, '2021-02-09', '14:58:41', 0, 1, 'Craig ', 4, 21, '23977839, 25117225, 22413326', NULL, 1, 42, 'Craig: Why IKR missing even contact TMS recently? (Need to ask Shani)\r\nFor more details please have a look: Tue 9/02/2021 3:09 pm email', 'we are getting reports which has only recently appeared where upon a card being inserted into the IPP310 pinpad , the base unit does a restart. \r\n', 'Shani: IKR was downloaded completely. \r\nNilesh: Nothing wrong with our end as long as doing processing now so the customer needs to call paymark for EMV download. \r\n[Adviced above details to the customer over the phone and email]', 1),
	(578, 1, '2021-02-09', '14:33:44', 0, 0, 'Cherry', 47, 10, '20258982', NULL, 11, 37, '\r\n\r\n', 'Keep restarting!!', 'Change battery and check, if still having an issue send to Skyzer', 1),
	(579, 1, '2021-02-10', '09:16:17', 0, 0, 'Andy', 33, NULL, '', NULL, 11, 37, '', 'Desk3200: stuck on welcome', 'Awaiting serial number.........', 1),
	(580, 1, '2021-02-10', '11:42:38', 0, 0, 'Joan', 92, 11, '84186544', NULL, 2, 12, 'M5000: RKI: TID: 76916904 MID: 10769169004\r\n\r\n', '', '', 2),
	(581, 1, '2021-02-10', '10:05:13', 0, 0, 'Rich', 28, 9, '1589085', NULL, 11, 37, '', 'Older credit cards are not working', 'Awaiting serial number to check the software version. \r\nHowever, we ask him to check whether is there any error message or not to understand whether it is something wrong with machine swipe or card.', 2),
	(582, 6, '2021-02-10', '13:44:54', 0, 0, 'David', 66, NULL, '', NULL, 5, 46, 'David doesn\'t know about how to activate contactless. ', '', '', 1),
	(583, 1, '2021-02-10', '15:22:13', 0, 0, 'Nathen', 19, NULL, '', NULL, 4, 41, 'Required NITRO package \r\n843937854 / e4ra91', '', '', 1),
	(584, 1, '2021-02-11', '09:55:39', 0, 0, 'Nathen', 19, NULL, '', NULL, 11, 37, '670633431 / test4cbay', 'NITRO sending the last transactions instead of the current one', 'Installed latest s/w and driver and monitor the issue.', 2),
	(585, 1, '2021-02-11', '12:01:35', 0, 0, 'Umesh', 64, NULL, '', NULL, 1, 42, '', 'ICT250: there 5 terminals always download files when contacting TMS!!!\r\n', 'That\'s how it is programmed. ', 1),
	(586, 1, '2021-02-11', '15:47:02', 0, 0, 'Ran', 44, 21, '', NULL, 11, 37, '', 'ICT250: Spark: No signal (Was confuse is it 3G or 2G)', 'won\'t work, because it is 2G terminal and sim is 3G.', 1),
	(587, 1, '2021-02-11', '16:26:33', 0, 0, 'Missed', 21, 21, '72049473', NULL, 4, 40, 'Key: 1646102', '', '', 1),
	(588, 1, '2021-02-12', '11:09:15', 0, 0, 'James', 88, 9, '21694248', NULL, 11, 37, '', 'Wanted to check ownership?', '1439 and transferred the call to Harshi to check when they bought it.', 1),
	(589, 6, '2021-02-12', '12:43:43', 0, 0, 'Yogesh', 40, NULL, '', NULL, 10, 34, 'Had an issue with interface , Terminal is not communicating. Advised him to change the Interface Type on RS232 and terminal should working.', '', '', 1),
	(590, 1, '2021-02-15', '11:05:07', 0, 0, 'Kaila', 44, NULL, '', NULL, 11, 37, 'curly 350, 310 > ', 'Can we use curly cable IPP315 for IPP310?', 'Yes (Nilesh)', 1),
	(591, 1, '2021-02-15', '12:30:27', 0, 0, 'Sonia', 41, 21, '', NULL, 11, 37, 'ICT250 : AdvanceRetail', 'AdvanceRetail is supported through Ingenico?', 'Yes, NITRO only', 1),
	(592, 1, '2021-02-15', '14:07:54', 0, 0, 'Abhi', 2, NULL, '01221166', NULL, 11, 37, '', 'Rebooting itself,  SIM not working.', 'Sending to Skyzer', 1),
	(593, 1, '2021-02-15', '14:21:07', 0, 0, 'Jacob', 92, 21, '', NULL, 1, 42, '', 'ICT250: 20112928 (rebooting itself)', '20112928 - Had diffrent software version (16 instead of 32)\r\n72009988 - Assigned ACR logo', 1),
	(594, 1, '2021-02-16', '11:18:20', 0, 0, 'Davi', 3, 21, '22413291', NULL, 11, 37, '', 'QA test terminal asking for NITRO Licence key.\r\n', 'Key: 1233805 (As long as it is QA it won\'t be expired after 3 days.)', 1),
	(595, 1, '2021-02-16', '11:50:06', 0, 0, 'Sid', 48, NULL, '', NULL, 11, 37, '\r\n\r\n\r\n\r\n\r\n\r\n', 'NITRO: MENUMATE\r\nWhich terminal needs to be required to use Chinese payment?\r\nHow to setup?', 'Desk/Move5000\r\nTransferred to Kishan', 1),
	(596, 6, '2021-02-16', '11:57:23', 0, 0, 'eva', 12, NULL, '16427233', NULL, 7, 28, 'Activata doesn\'t working as terminal prompts for " Activata Bitmaps not loaded error message" . Advised Eva to contact TMS and if it still won\'t resolve the issue , send the terminal bcak to Skyzer.', '', '', 1),
	(597, 6, '2021-02-16', '12:16:03', 0, 0, 'Sid', 41, NULL, '', NULL, 11, 37, 'Sid wants to know Chinese payment process. Explained him all the procedure. ', 'Skyzer web app procedure', 'All the process recorded in AAPAYMENTS>Web APP_ Skyzezr Connect DOCS ', 1),
	(598, 1, '2021-02-16', '15:55:05', 0, 0, 'Runni', 31, 10, '', NULL, 5, 46, 'ronice@actrix.co.nz emailed the pdf for that.', '', '', 1),
	(599, 1, '2021-02-16', '16:34:43', 0, 0, 'Json', 44, 9, '', NULL, 3, 16, 'ICT220 - 280pinpad ', '', '', 1),
	(600, 1, '2021-02-17', '09:38:03', 0, 0, 'Joe', 41, NULL, '', NULL, 11, 37, 'Joe - Auck\r\n021 272 2446', 'Does AFTRPAY supported by Ingenico?', 'No (Nilesh), AFTERPAY is on the POS side not about EFTPOS at all. ', 1),
	(601, 1, '2021-02-17', '11:44:19', 0, 0, 'Peter', 1, 14, '01526122', NULL, 1, 10, '', '', '', 1),
	(602, 9, '2021-02-17', '16:18:05', 0, 0, 'win', 37, 14, '', NULL, 3, 16, 'MOVE 5000 connection with pinpad315\r\n contact :034776227', '', '', 1),
	(603, 1, '2021-02-18', '11:11:19', 0, 0, 'Luce', 4, 21, '20136979', NULL, 11, 37, '250 : 310 ', 'ICT250 screen showing EFTPOS offline! even doing Logon successful', 'Unplug ethernet, do logon, plug ethernet back and do logon.', 1),
	(604, 1, '2021-02-18', '10:37:38', 0, 0, 'Kevin', 30, 21, '', NULL, 12, 38, '220 Disabled, enable and reload TMS, download \r\n26233965', 'Even terminal is showing active status on TMS why EFTPOS still showing "deactive"', 'Put that on Prevent Download: Yes and contact TMS', 1),
	(605, 9, '2021-02-18', '12:16:33', 0, 0, 'Cherry', 47, 9, '', NULL, 12, 38, 'Remove the NITRO from  terminals and want to do BER', '', '', 1),
	(606, 6, '2021-02-18', '12:15:13', 0, 0, 'Roneth ', 31, NULL, '', NULL, 2, 14, 'Advised her that one of he terminal require the keys whereas can\'t tell about other two terminal as it contacted TMS in 2018.', '', '', 1),
	(607, 6, '2021-02-18', '14:46:41', 0, 0, 'Swinesh', 12, NULL, '', NULL, 10, 34, 'Desk/3200 with IPP/315 pinpad has an issue with GPOS where swiping the card terminal is delayed in reading the card.  We have been testing it and will let Swinesh know once we finish.', '', '', 2),
	(608, 1, '2021-02-19', '10:04:21', 0, 0, 'Cherry', 47, NULL, '', NULL, 11, 37, '\r\n', 'Will that be ok if customer use ICT250 power cable for Desk3200?', 'No (Not recommended)', 1),
	(609, 1, '2021-02-19', '10:19:16', 0, 0, 'Cherry', 47, NULL, '', NULL, 11, 37, 'NITRO RS323 > Integration', 'During NITRO setup can we use the same USB cable for Desk3200 which customer used for ICT250?', 'No, because of diffrent port style', 1),
	(610, 1, '2021-02-19', '10:41:58', 0, 0, 'Cherry', 47, 15, '', NULL, 5, 46, '', '', '', 1),
	(611, 9, '2021-02-19', '10:57:54', 0, 0, 'Thomas', 41, NULL, '', NULL, 3, 16, 'IPP310 Pinpad showing smiley face on screen.\r\n error1:  out of order\r\nerror 2 : smiley face \r\nand its keep restarting.\r\n\r\nCustomers sending back those Pinpad.', '', '', 1),
	(612, 1, '2021-02-19', '11:14:33', 0, 0, 'Joh', 41, 21, '', NULL, 4, 41, 'Including package ', '', '', 1),
	(613, 1, '2021-02-19', '12:44:35', 0, 0, 'Leon', 30, NULL, '', NULL, 5, 46, 'ICT220 > set credit surcharge\r\n', '', '', 1),
	(614, 6, '2021-02-19', '13:14:02', 0, 0, 'Leo ', 30, NULL, '', NULL, 5, 46, 'Leo has an issue with contactless and doesn\'t know how to enable credit card function.', '', '', 1),
	(615, 1, '2021-02-19', '15:28:51', 0, 0, 'Charlotte', 67, NULL, '', NULL, 5, 46, 'TID: 07398401', '', '', 1),
	(616, 9, '2021-02-19', '16:36:47', 0, 0, 'HEADEN', 10, 14, '', NULL, 5, 46, ' Enable Contactless in Move5000 ', '', '', 1),
	(617, 9, '2021-02-22', '09:30:15', 0, 1, 'shophie', 5, 14, '11686278', NULL, 12, 38, 'Need to reactivate the terminal. It has been deactivated since January . ', '', '', 1),
	(618, 1, '2021-02-22', '10:53:00', 0, 1, 'Monico', 87, NULL, '', NULL, 11, 37, '', 'At Christine request need to call Paymark and check whether TID: 07118901 has UnionPay active?', 'Yes, Cup Card (Chinese Payment) only for Swipe.', 1),
	(619, 1, '2021-02-22', '10:45:45', 0, 0, 'Cherry', 49, 21, '25119908', NULL, 12, 38, '', 'Why this terminal went to deactivated?', 'Followed up with Harshi and she said to reactivate it as the new system has an issue to get merge with old VSM', 1),
	(620, 6, '2021-02-22', '11:05:20', 0, 0, 'Vivian', 3, NULL, '', NULL, 11, 37, 'QA terminal is not doing RKI.', 'QA terminal had an issue with RKI.', 'Advised Vivian about the correct RKI IP addresses and NII. ', 1),
	(621, 9, '2021-02-22', '13:24:11', 0, 0, '', 41, 17, '', NULL, 11, 37, ' issue regarding Battery of IWL terminal can be used in Move 2500.', 'Customer wants to use IWL Battery on Move 2500 terminal', 'Not to use as it could give power fluctuation on the Tetra terminal ', 1),
	(622, 1, '2021-02-22', '14:09:26', 0, 0, 'Jacob', 92, 21, '22487147', NULL, 11, 37, '', 'After TMS contact, the White screen on F3824', 'Active Merchant was blank. ', 1),
	(623, 1, '2021-02-23', '10:26:36', 0, 0, 'Charlotte ', 67, 18, '172767313191054101875329', NULL, 9, 33, 'Charlotte: have tried to get his terminal connected for 20 mins or so\r\nTID: 10115484', '', '', 1),
	(624, 1, '2021-02-23', '13:47:19', 0, 0, 'David', 2, NULL, '04121935', NULL, 4, 19, 'Asked for contact TMS to get latest first', '', '', 2),
	(625, 9, '2021-02-23', '16:02:57', 0, 1, 'abhishek', 70, 15, '16428546', 37, 11, 37, 'Desk 3200  freezing and blank screen 315 Pinpad \r\nKarori fruit shop wellington.\r\nCustomer wants solution for future precaution .\r\ncontact : 0275568222', 'Desk3200 and Pinpad 315 gets freezing and showing Blank screen on main terminal.', 'For a while team is working on it.', 2),
	(626, 1, '2021-02-24', '09:42:56', 0, 0, 'Cherry', 42, 9, '23802891', NULL, 11, 37, '', 'Why it is showing Unknown Release?', 'It is already at on latest so do not worry', 1),
	(627, 1, '2021-02-24', '12:22:49', 0, 0, 'Thomas', 41, 21, '', NULL, 11, 37, 'Idealpos ICT250 ', 'Does Ideal POS is compatible with NITRO and Interface?', 'Yes', 1),
	(628, 9, '2021-02-24', '13:43:56', 0, 0, 'cherry', 47, 15, '', NULL, 4, 19, 'desk3200 nitro  don not want to Print customer receipt.\r\n\r\nICT 250 NITRO not printing not receipt customer receipt \r\n\r\nCall forwarded to Jay', '', '', 1),
	(629, 9, '2021-02-24', '15:26:51', 0, 0, 'phil', 27, 14, '', NULL, 9, 32, 'Bluetooth association with base', '', '', 1),
	(630, 1, '2021-02-24', '15:49:25', 0, 0, 'David', 66, NULL, '', NULL, 9, 32, '', '', '', 1),
	(631, 1, '2021-02-24', '14:44:32', 0, 0, 'Abhi', 70, 10, '22758456', NULL, 11, 37, '\r\n\r\n\r\n', 'Transmission error', 'Delete the terminal and re created ', 1),
	(632, 6, '2021-02-25', '10:15:33', 0, 0, 'Richard', 41, NULL, '', NULL, 4, 41, 'Richard wanted to stop printing Customer copy from the printer. I have advised Richard that for Nitro you can\'t turn off the customer copy. ', '', '', 1),
	(633, 9, '2021-02-25', '10:41:13', 0, 0, 'richard', 41, NULL, '', NULL, 4, 41, 'ICt250 Nitro disconnected to POS.\r\n', '', 'Updated latest version of nitro', 1),
	(634, 1, '2021-02-25', '11:29:34', 0, 0, 'Missed', 33, 10, '25884552', NULL, 14, 44, 'Communication error\r\n3G / Transmission error decline\r\n', 'Offline transactions of $20 (M - xtra- 5 - 1)', 'Need to check whether the same TID is not configured with the other one or need to send to Skyzer for reset. ', 1),
	(635, 9, '2021-02-25', '14:29:50', 0, 0, 'avi', 41, 21, '', NULL, 4, 19, 'Customer having issue with printing two receipt from the Printer and from the EFTPOS he wants to stop the receipt from the EFTPOS.', '', '', 1),
	(636, 9, '2021-02-25', '16:05:04', 0, 0, 'bin', 30, 21, '', NULL, 5, 46, 'Contactless issue with ipp310 Pinpad', '', 'Enable contactless', 1),
	(637, 9, '2021-02-25', '16:16:26', 0, 0, 'win', 30, 21, '', NULL, 5, 23, 'surcharge issue with setting up amount.', '', 'Fun-8 > enter> percentage> surcharge minimum amount($1.00 should be) \r\ndid the transaction .', 1),
	(638, 6, '2021-02-26', '14:10:48', 0, 0, 'Umesh', 64, NULL, '', NULL, 11, 37, 'Umesh had an issue with Dealer TMS where in search parameter terminal serial number is not presented. Which we resolved with Shani. ', 'Dealer TMS.', 'Sani resolve the issue.', 1),
	(639, 9, '2021-02-26', '14:38:31', 0, 0, 'scott', 73, 15, '', NULL, 14, 43, 'invalid transaction error\r\ncss card number not available in credit card\r\n\r\ncall forwarded to kishan\r\n', '', '', 1),
	(640, 9, '2021-02-26', '15:40:45', 0, 0, '', 64, NULL, '', NULL, 1, 10, 'Logo update for serial number 01567226', '', '', 1),
	(641, 9, '2021-02-26', '16:26:40', 0, 0, 'steve', 90, 14, '', NULL, 11, 37, 'Move 5000 terminal freezing transaction while it pops up from the POS.\r\nCustomer have two Move 5000 terminals \r\nserial number:01586294\r\n                         01585885\r\nLatest software version added 346 R0\r\nCustomer have operating system is windows 7 and another one is windows 10.\r\nCustomer: Bars and restaurant.\r\nfreezing time is 5-10 times a day.', 'Move 5000 freezing ', 'support is working on .', 2),
	(642, 9, '2021-02-26', '16:30:09', 0, 0, 'mitul', 40, 14, '', NULL, 9, 32, 'Connection with WIFI', '', '', 1),
	(643, 9, '2021-03-01', '09:28:02', 0, 0, '', 4, NULL, '', NULL, 11, 37, '21575216\r\n customer wants to know Latest software on this TID', 'Software version', 'Checked on TMS about latest software.', 1),
	(644, 9, '2021-03-01', '12:08:05', 0, 0, 'win', 37, 14, '', NULL, 9, 32, 'Bluetooth showing Project Id version error.\r\nTerminal restarted ,Try to remove base and error kept same.\r\nNeed to switch off Bluetooth and disconnect the terminal with base and do the whole process again.\r\nCustomer tried different terminal. \r\n\r\n', '', '', 1),
	(645, 9, '2021-03-01', '14:42:56', 0, 0, 'lion', 30, NULL, '', NULL, 11, 37, 'Customer is contacted TMS in 2017 and still he is paying compliance fees. he would like to  stop paying compliance fees.', 'TMS last contact and deactivation of terminal', 'Both are different things. It will not stop charging the customer compliance fees  automatically with your last contact of TMS ,the terminal  needs to deactive from Skyzer.', 1),
	(646, 9, '2021-03-01', '00:00:00', 0, 0, '', 41, 14, '', NULL, 1, 9, 'Customer wants to connect Move  5000 and Move 2500  on Quorion POS as the customer is still using That POS with ICT 250.', '', '', 1),
	(647, 9, '2021-03-02', '00:00:00', 0, 0, '', 1, 14, '', NULL, 9, 32, 'Customer wants to swap the Move5000 base and advised customer to flick an email to vineel.', '', '', 1),
	(648, 9, '2021-03-02', '09:18:56', 0, 0, 'sid', 48, 9, '', NULL, 4, 19, 'Printer roller is faulty,\r\nprinting receipt is faded ,Customer changed the printer roller and paper but issue same. \r\nAdvised to send the terminal back to Skyzer.', '', '', 1),
	(649, 9, '2021-03-02', '09:34:10', 0, 0, 'sid', 11, 16, '', NULL, 1, 10, 'Customer would like to have ACR logo on two desk5000 terminal.\r\nTID:141604006\r\nTID:14161248\r\nUpdated logo on TMS', '', '', 1),
	(650, 9, '2021-03-02', '09:47:12', 0, 0, 'Cherry', 45, 15, '', NULL, 10, 36, 'Customer wants to  add surcharge on POSBIZ with DESk3200 NITRO.\r\nSuggestion: Terminal supposed to be standalone.\r\nCall forwarded to KISHAN', '', '', 1),
	(651, 9, '2021-03-02', '11:15:11', 0, 0, 'mac', 19, 21, '', NULL, 1, 11, 'TID: 20112558\r\nCustomer is having issue related to contact TMS and terminal showing modem error.\r\nReconnect ethernet and power its working Fine.\r\n', '', '', 1),
	(652, 9, '2021-03-02', '11:39:10', 0, 0, 'sonia', 41, 21, '', NULL, 11, 37, 'TID:15310CT24501168\r\n', 'Terminal is 3G or not', 'Customer can see from the top bar of the screen.', 1),
	(653, 6, '2021-03-03', '10:28:11', 0, 1, 'Tom', 11, NULL, '', NULL, 2, 13, 'Tom has an issue on two terminal which displays SHA-1 keys on the machine.\r\nIt happened because terminal never gets RKI after loadong SHA-2 keys.', '', '', 1),
	(654, 9, '2021-03-03', '11:44:20', 0, 0, 'phill', 27, 14, '', NULL, 9, 32, 'base pairing connection loose.\r\nDropping connection often. ', '', '', 1),
	(655, 9, '2021-03-03', '11:52:56', 0, 0, 'mark', 20, 9, '', NULL, 1, 11, 'serial number:26223703\r\n\r\nafter doing RKI machine keeps downloading and it happens 3-5 times.\r\nCall forwarded to Kishan.', '', '', 1),
	(656, 6, '2021-03-03', '13:01:40', 0, 0, 'david', 90, NULL, '', NULL, 1, 10, 'Desk/5000 has assigned a different logo. I have assigned a correct Logo.\r\n', '', '', 1),
	(657, 9, '2021-03-03', '00:00:00', 0, 0, 'sonia', 41, 21, '', NULL, 7, 27, 'Trying to activate Activata configuration with GPRS mode but was not successful.\r\n\r\nFollow the  right steps to enable Activata but at the end it was showing TCP/IP configuration.\r\n\r\nCall forwarded to Kishan ', '', '', 1),
	(658, 9, '2021-03-04', '09:30:22', 0, 0, 'mark', 64, 21, '23977883', NULL, 2, 12, 'Customer trying to upgrade the software but after contacting TMS its download the file to 1% and terminal stops working and keep rebooting.', '', '', 1),
	(659, 9, '2021-03-04', '12:28:45', 0, 0, 'sonia', 41, 21, '', NULL, 4, 41, 'Customer can not connect to NITRO.', '', '', 1),
	(660, 9, '2021-03-04', '12:35:16', 0, 0, '', 3, 15, '', NULL, 4, 40, 'serial Number:14191826\r\n\r\nLicense Key:1392872\r\n', '', '', 1),
	(661, 6, '2021-03-04', '14:26:59', 0, 0, 'James', 36, NULL, '', NULL, 1, 42, 'Terminal kept on contacting TMS in a loop and tried to download other files.  Shani is looking into the issue and advise James letter. \r\n\r\n032144275', '', '', 2),
	(662, 9, '2021-03-04', '14:48:34', 0, 0, '', 45, 9, '21869416', NULL, 2, 12, 'serial Number:21869416\r\n\r\nCustomer was not able to download Latest software .', '', '', 1),
	(663, 6, '2021-03-04', '15:57:07', 0, 0, 'Alan', 48, NULL, '', NULL, 4, 41, 'Getting an error while loading a Nitro Machine. \r\n\r\n', '', '', 1),
	(664, 6, '2021-03-05', '09:46:56', 0, 0, 'Swati', 41, NULL, '', NULL, 4, 41, 'Swati wants to know about latest Nitro testing.', '', '', 1),
	(665, 9, '2021-03-05', '09:51:53', 0, 0, 'james', 36, 15, '', NULL, 3, 17, 'The  issue started from this Wednesdays afternoon.\r\nout of customer 9/10.\r\nerror: swipe insert card/again and again.\r\nafter three four times it shows card error\r\nterminal: standalone\r\nserial number: 13401337\r\nLast contacted TMS time on 20th Feb.\r\nit seems like hardware issue.\r\n\r\nsupport advised to send the terminal and Pinpad to Skyzer to test further. ', '', '', 1),
	(666, 9, '2021-03-05', '11:56:41', 0, 0, 'heden', 10, 14, '', NULL, 10, 35, 'enable CTL\r\nand  Customer want to connect POS with move 5000.', '', '', 1),
	(667, 6, '2021-03-05', '13:39:40', 0, 0, 'steven', 5, NULL, '', NULL, 10, 34, 'Terminal is not communicating with Move/5000 POS.', '', '', 1),
	(668, 9, '2021-03-05', '12:41:10', 0, 0, 'cherry', 49, 14, '', NULL, 1, 11, 'desk5000\r\nmove500:17234203\r\nDesk5000:14159772', '', '', 1),
	(669, 6, '2021-03-08', '09:33:11', 0, 0, 'AB', 2, NULL, '', NULL, 4, 41, 'Wanted to know about Menuymate POS.', '', '', 1),
	(670, 6, '2021-03-08', '09:47:40', 0, 0, 'Jo ', 41, NULL, '', NULL, 10, 35, 'wanted to know about whether the Toni9q POS is been approved by Skyzer or not.', '', '', 1),
	(671, 6, '2021-03-08', '11:22:49', 0, 0, 'Jason', 5, NULL, '', NULL, 1, 42, 'Wanted to know how IKR process works.', '', '', 1),
	(672, 6, '2021-03-08', '12:36:36', 0, 0, 'Phill', 27, NULL, '', NULL, 4, 41, 'Niro COMPORT issue.', '', '', 1),
	(673, 6, '2021-03-08', '14:09:58', 0, 0, 'Wahe', 35, NULL, '', NULL, 5, 46, 'Needs to know the Function code to unable contactless.', '', '', 1),
	(674, 9, '2021-03-09', '09:33:05', 0, 0, 'sonia', 41, 9, '', NULL, 14, 44, 'Advised customer to sent that terminal to Skyzer for reset.', '', '', 1),
	(675, 9, '2021-03-09', '10:18:06', 0, 0, 'jesson', 5, 21, '', NULL, 11, 37, 'Disconnect the ethernet and plug back in and try log on after.', 'Eftpos offline', 'Disconnect the ethernet cable, try to do log On it will failed and then after restart your terminal after plug back in the ethernet and do Log on again.', 1),
	(676, 9, '2021-03-09', '10:40:46', 0, 0, 'james', 36, 21, '', NULL, 7, 28, 'Customer wants add multi merchant in ICT 250 and ICT220', '', '', 1),
	(677, 6, '2021-03-09', '11:21:31', 0, 0, 'Umesh', 64, NULL, '', NULL, 1, 42, 'Umesh wants to know about the IKR process and how it works.', '', '', 1),
	(678, 9, '2021-03-09', '11:47:58', 0, 0, '', 25, 9, '', NULL, 5, 46, 'Menu + press zero + PASSWORD? (6988/62624371) + Telium manager + initialization + parameters+ Contactless + select YES + Select INTERNAL for terminal only ORselect USB for PINPAD.', '', '', 1),
	(679, 9, '2021-03-09', '12:34:58', 0, 0, 'david', 66, 9, '24579557', NULL, 1, 42, 'issue resolved', '', '', 1),
	(680, 9, '2021-03-10', '09:56:35', 0, 0, 'jacob', 11, 15, '', NULL, 11, 37, 'terminal stuck on remove card.', 'terminal showing remove card whereas there were no card inserted.', 'Do the RKI again Release the keys and do the Log On again. ', 1),
	(681, 9, '2021-03-10', '14:20:38', 0, 0, 'richard', 48, 9, '', NULL, 11, 37, 'ICT220 with IPP310 3-4 times freeze.\r\nfreezes for 1 minutes.\r\nSerial number:  15199CT23943453', 'Terminal freezes 3-4 times a day.\r\n', 'Suggest customer to change pinpad and monitor it ,if the issue remains same need to look a terminal.', 1),
	(682, 6, '2021-03-10', '15:29:00', 0, 0, 'andrew', 9, NULL, '', NULL, 5, 23, 'Ask about whether we do Surcharge on Interface or not?\r\nAnswer was No - we are working on it now.', '', '', 1),
	(683, 6, '2021-03-11', '14:27:56', 0, 0, 'Harry', 59, NULL, '', NULL, 10, 34, 'Terminal is not working with interface.\r\nMove/5000 terminal is not working over interface. Customer replaced faulty Move/5000 with the exising Move/5000 is working fine.\r\nAdvised Harry to send this back to Skyzer', '', '', 1),
	(684, 9, '2021-03-12', '11:31:43', 0, 0, 'mable', 25, 17, '', NULL, 6, 26, 'ICT220-transaction for whole day  /no nitro: Press and hold 0 for few seconds.\r\nGo to menu>Admin menu>inquiry> set the date.\r\nmove2500- Daylight time changes.', '', '', 1),
	(685, 6, '2021-03-12', '16:31:49', 0, 0, 'Jacob', 11, 10, '25976337', NULL, 4, 41, 'Ipp/380 : 81034710\r\n\r\nTerminal attached with IPP/280 Pinpad and Terminal is showing " Init Card reader " message on screen. Tried two different Pinpad. Issue is still same.', '', '', 2),
	(686, 6, '2021-03-12', '16:31:49', 0, 0, 'Jacob', 11, 10, '25976337', NULL, 4, 41, 'Ipp/380 : 81034710\r\n\r\nTerminal attached with IPP/280 Pinpad and Terminal is showing " Init Card reader " message on screen. Tried two different Pinpad. Issue is still same.', '', '', 2),
	(687, 9, '2021-03-12', '00:00:00', 0, 0, '', 16, 15, '', NULL, 2, 12, '13402108\r\nCustomer trying to contact TMS but was not successful.\r\n\r\nAsk customer to reset the configuration and do it again .\r\nafter that customer advised to leave that terminal on reset configuration and will do it on Monday .\r\n\r\nHanged up call \r\n', '', '', 1),
	(688, 4, '2021-03-15', '10:14:25', 0, 0, 'Gavin', 31, 16, '', 26, 11, 37, 'customer did not provide serial number.\r\nterminal with pin pad stuck on boot, customer restart terminal couple of time but did not work. suggest to disconnect the pin pad and try again without pin pad', 'stuck on boot kwon issue', 'restart terminal', 1),
	(689, 9, '2021-03-15', '10:35:52', 0, 0, 'dainel', 16, 15, '', NULL, 2, 12, 'Terminal failed with RKI .need to send the terminal back to company.', '', '', 1),
	(690, 9, '2021-03-15', '11:05:41', 0, 0, 'gevin', 6, 16, 'ipp315', NULL, 11, 37, '', 'Checking system\r\nnew issue: checking system\r\nat morning.\r\nmove5000:14159645', 'Team is working on it', 1),
	(691, 9, '2021-03-15', '12:19:47', 0, 0, 'stevis', 66, 17, '', NULL, 6, 26, 'ECO mode setting change.', '', '', 1),
	(692, 9, '2021-03-15', '14:51:44', 0, 0, 'Gursharan', 7, 21, '', NULL, 4, 41, 'Customer trying to connect ICT250 with Nitro Integration and he was having trouble with com port.\r\nCustomer from Order mill limited .\r\nNitro setup done for customer.', '', '', 1),
	(693, 9, '2021-03-15', '14:55:06', 0, 0, '', 4, 9, '', NULL, 1, 42, 'i[pp310 IKR failed\r\n\r\n22028520\r\n\r\nAdvised customer to send that pinpad to Skyzer', '', '', 1),
	(694, 6, '2021-03-16', '11:28:24', 0, 0, 'Gavin', 31, NULL, '', NULL, 1, 11, 'terminal contacted TMS during morning and he wantas to make changes in TMS', '', '', 1),
	(695, 6, '2021-03-16', '11:50:30', 0, 0, 'mable', 25, NULL, '', NULL, 5, 46, 'Doesn\'t know about how top enable Activata.\r\n\r\n', '', '', 1),
	(696, 9, '2021-03-16', '11:50:10', 0, 0, '', 40, NULL, '', NULL, 1, 9, '191342233221047108264363\r\n\r\nTMS window timing change.\r\nNeed to advised customer that they can do it from Dealer zone portal .\r\n', '', '', 1),
	(697, 9, '2021-03-16', '15:04:18', 0, 0, 'aman', 40, 9, '', NULL, 5, 23, 'Interface and surcharge will not work together.', '', '', 1),
	(698, 9, '2021-03-16', '15:16:07', 0, 0, 'shen', 12, 9, '', NULL, 7, 27, 'Activata not possible to enable with 16mb customer need to replaced the devoce.', '', '', 1),
	(699, 9, '2021-03-17', '14:31:57', 0, 0, 'shannon', 66, 15, '', NULL, 5, 21, 'Desk 3200 with pinpad 315 attached .\r\nissue: After finishing the whole transaction it prompt on pinpad procession Now for long time and then needs to manually restart the terminal  and it happens twice day.\r\n\r\nsolution : Use the terminal only on TCP-IP mode and observe.', '', '', 1),
	(700, 9, '2021-03-17', '15:39:00', 0, 0, '', 44, 15, '', NULL, 10, 35, 'Terminal not prompting any amount on terminal and straight comes up remove card on terminal screen and started rebooting by itself.\r\nit looks like something stuck inside the terminal .', '', '', 1),
	(701, 5, '2021-03-18', '10:24:06', 0, 0, 'Richard', 48, NULL, '', NULL, 4, 41, 'unable to find Nitro client GUI. was looking for old icon. remoted in and showed the new icon that comes with latest Nitro package. ', '', '', 1),
	(702, 9, '2021-03-18', '10:23:13', 0, 0, 'charls', 56, 21, '25117084', NULL, 1, 42, 'ICT250 connected to pinpad310 and after updating IKR certification the terminal gets freeze .\r\nNot able to perform any function on ICT 250.\r\n\r\nsolution: put the terminal in TCP/IP mode for a while and let\'s see if its resolved the issue.\r\n ', '', '', 1),
	(703, 9, '2021-03-18', '11:28:34', 0, 0, 'Cherry', 2, 14, '', NULL, 1, 11, '01582585\r\nterminal showing TMS downloading\'s while customer paying in between.', '', '', 1),
	(704, 6, '2021-03-19', '10:52:23', 0, 0, 'Charles', 56, NULL, '', NULL, 3, 17, 'Terminal is kept on displaying \'Pinpad our of order \' and swap with another Pinpad which is working fine. ', '', '', 1),
	(705, 6, '2021-03-19', '12:39:48', 0, 0, 'Cherry ', 47, NULL, '', NULL, 1, 42, 'Don\'t know about what exactly IKR process is.', '', '', 1),
	(706, 9, '2021-03-22', '12:01:35', 0, 0, 'deep', 40, 15, '', NULL, 4, 19, 'Desk 3200 not printing any receipt. Could be paper roll or printer roll.\r\nSuggested customer to send back to us.', '', '', 1),
	(707, 6, '2021-03-22', '13:18:38', 0, 0, 'James', 88, NULL, '', NULL, 12, 38, 'Wanted to know whether terminal is activated or deactivated', '', '', 1),
	(708, 9, '2021-03-22', '15:14:16', 0, 0, '', 41, 21, '', NULL, 4, 41, 'NITRO set up', '', '', 1),
	(709, 9, '2021-03-22', '15:37:43', 0, 0, 'david', 90, NULL, '', NULL, 1, 42, '20296866\r\n\r\nPinpad certification\r\n\r\nAdvised send back to skyzer', '', '', 1),
	(710, 9, '2021-03-23', '11:58:17', 0, 0, '', 66, 15, '', NULL, 11, 37, 'Desk3200-25237023 connected with pinpad and its showing "processing Now" for a long time.\r\nTerminal on GPRS \r\nadvised customer to do log on and changed the comms mode-TCP-IP.', 'Pinpad showing Processing Now for a long time after customer select the card ,account and pin detail', 'changed the comms mode-TCP-IP ', 1),
	(711, 9, '2021-03-23', '00:00:00', 0, 0, '', 48, 21, '', NULL, 5, 22, 'Customer wants to turn ON surcharge and tipping On while terminal on NITRO', '', '', 1),
	(712, 9, '2021-03-24', '10:21:00', 0, 0, 'charls', 13, 9, '', NULL, 6, 24, 'Customer would like to set up 2 merchant  on ICT 220', '', '', 1),
	(713, 9, '2021-03-24', '00:00:00', 0, 0, '', 41, 11, '', NULL, 5, 21, 'Turn on Hospitality\r\nFun7415-Turn On hospitality> menu>press hospitality> authorization> Initial ', '', '', 1),
	(714, 9, '2021-03-24', '11:30:07', 0, 0, 'richard', 4, 21, '', NULL, 1, 11, '72011079', '', '', 1),
	(715, 9, '2021-03-24', '11:35:44', 0, 0, 'nesion', 19, 21, '', NULL, 5, 23, 'customer wants to applied surcharge only on credit card if its contact less transaction.\r\n\r\nAnswer NO surcharge applied to all cards if its contactless transaction and if the payment through insert card surcharge will applied only on credit card ', '', '', 1),
	(716, 6, '2021-03-24', '11:43:12', 0, 0, 'Umesh', 64, NULL, '', NULL, 3, 16, 'Pinpad kept displaying smile face.', '', '', 1),
	(717, 9, '2021-03-24', '12:46:09', 0, 0, 'antonette', 47, 21, '', NULL, 6, 25, '15065CT23450505\r\n wants to add third merchant with different provider.', '', '', 1),
	(718, 9, '2021-03-24', '14:42:45', 0, 0, 'gill', 41, 21, '', NULL, 10, 34, 'POSBIZ can interface with NITRO terminal', '', '', 1),
	(719, 9, '2021-03-24', '15:11:19', 0, 0, 'Cherry', 49, 14, '', NULL, 1, 11, '17234167', '', '', 1),
	(720, 9, '2021-03-24', '15:43:30', 0, 0, 'Arsh', 66, 15, '', NULL, 3, 16, 'Desk 3200-10949054 connected with ipp315 and its showing processing now on pinpad for a long time so suggest customer to change sim card.\r\n\r\nArsh will ring us back once he will change the simcard', '', '', 1),
	(721, 6, '2021-03-24', '15:54:44', 0, 0, 'Shaun', 41, NULL, '', NULL, 11, 37, 'Desk/3200 , standalone, Ideas POS , Serial interface -two way interface. \r\n\r\nissue started happening since last two days ( 22 .22 March )\r\n\r\nChip error each time when customer insert chip card.', 'Chip error when customer insert Chip card.', 'Could be a liquid damage as nothing been change from the software.', 1),
	(722, 9, '2021-03-25', '10:00:53', 0, 0, 'daren', 3, 16, '', NULL, 10, 34, 'How to turn ON WI-FI-> Fun 71', '', '', 1),
	(723, 6, '2021-03-25', '16:37:51', 0, 0, 'lewis ', 4, NULL, '', NULL, 2, 12, 'Number Busy\r\n\r\nTerminal is been on site since so long.\r\nCustomer noticed that it dropped off the connection. Lewis tried to do logon, terminal initially showing processing now , after a while Transmission error and prompted for  NUMBER BUSY error message.\r\n\r\nadvised Lewis to reconfigure terminal on standalomne and do logon afterwards.\r\n\r\n', '', '', 1),
	(724, 9, '2021-03-26', '09:52:43', 0, 0, 'jacob', 11, 14, '', NULL, 11, 37, 'SIM slot in move 5000', 'Sim Slot', 'SIM 1 is the right slot', 1),
	(725, 6, '2021-03-26', '12:14:32', 0, 0, 'andrew', 56, NULL, '', NULL, 1, 42, 'After IKR. Pinpad stop working nad terminal displaying PINAD out of order.\r\n\r\nGrabbed IKR.DIA file.\r\nAndrew\r\n0274950219', '', '', 1),
	(726, 9, '2021-03-26', '13:34:23', 0, 0, 'antonette', 47, 15, '', NULL, 5, 46, '\r\nContactless enable.\r\npinpad enable', '', '', 1),
	(727, 6, '2021-03-26', '14:32:18', 0, 0, 'Richard ', 48, NULL, '', NULL, 10, 34, 'Existing Move/5000 stop working. replace the base , didn\'t work.\r\n\r\nSame site , same setup ICT/250 worked. Advised Richard to replace the actual Move/5000', '', '', 1),
	(728, 9, '2021-03-29', '11:34:50', 0, 0, 'michell', 71, 9, '', NULL, 1, 11, 'Serial Number:22670784\r\n\r\nPinpad attached with the terminal.\r\n Termianl on Dialup connection and keep uploading parameters from TMS by itself.\r\nCustomer will swap this terminal and lets see if its happening again or not.\r\n\r\nDid not received call back from customer so it seems like issue has been resolved.\r\n ', '', '', 1),
	(729, 6, '2021-03-29', '13:06:25', 0, 0, 'Richard', 48, NULL, '', NULL, 10, 34, 'Two- way interface\r\nMove/5000 had been working fine. S/N : 01273778\r\ntried 3 different base.\r\n\r\nEftpos COM -error\r\nSerial Cable \r\nQuorion\r\n\r\n220 is working fine\r\n\r\n', '', '', 2),
	(730, 9, '2021-03-29', '13:35:27', 0, 0, 'richard', 41, 11, '', NULL, 1, 9, 'serial number:21834425\r\n\r\nrevision showing 0\r\n', '', '', 1),
	(731, 6, '2021-03-30', '11:39:26', 0, 0, 'Alan', 48, NULL, '21834425', NULL, 1, 9, 'Allan wants to know the S/W version of the terminal.', '', '', 1),
	(732, 9, '2021-03-31', '09:44:29', 0, 0, 'charles', 56, 9, '', NULL, 1, 42, 'ICt220 doe not connect with Pinpad 310 its showing error while contacting TMS.\r\n\r\nSerial number:14088CT21694058\r\n14062CT2157588\r\n\r\nCan not read the pinpad.\r\nerror msg: TMS trans failed and invalid header', '', '', 2),
	(733, 9, '2021-03-31', '10:36:45', 0, 0, 'richard', 56, 11, '', NULL, 4, 40, 'Nitro Integration failed when he did fun 76 its showing Nitro interface set.\r\nfun:66 for posgate NItro activation', '', '', 1),
	(734, 9, '2021-03-31', '11:52:39', 0, 0, 'Dasy', 2, 14, '', NULL, 9, 32, 'ethernet connection showing error.\r\n', '', '', 1),
	(735, 9, '2021-03-31', '14:56:49', 0, 0, 'suji', 41, 21, '', NULL, 10, 34, 'Sec450 POS is valid to 2 way interface', '', '', 1),
	(736, 9, '2021-04-01', '13:47:21', 0, 0, 'helden', 10, 14, '', NULL, 4, 19, 'Does not want to print customer copy receipt.\r\n\r\nsolution: Fun 7415 turn OFF the copy', '', '', 1),
	(737, 9, '2021-04-01', '16:00:46', 0, 0, 'joy', 41, 9, '', NULL, 14, 44, 'Pending transaction\r\n\r\npress F4 to clear', '', '', 1),
	(738, 9, '2021-04-06', '10:47:29', 0, 0, 'cavin', 31, 16, '', NULL, 11, 37, '', 'Showing green arrow on screen', 'Do the logon and it will resolved.', 1),
	(739, 9, '2021-04-06', '11:01:33', 0, 0, 'boby', 41, 14, '', NULL, 14, 44, 'terminal was on wi-Fi ,showing pending transaction and transmission error.\r\n\r\nsolution: Wi-Fi turn ON and customer don\'t know the credential for wi-fi so he will ring us back.', '', '', 1),
	(740, 9, '2021-04-06', '11:27:01', 0, 0, 'dainel', 16, 17, '', NULL, 11, 37, '', 'Multiple sim cards in MOVE 5000 and MOVE2500', 'No we cant use multiple sim cards', 1),
	(741, 9, '2021-04-06', '15:12:18', 0, 0, 'cherry', 49, 14, '', NULL, 4, 41, '1536811950\r\n\r\npass: g3st3ct1\r\n\r\nMove5000 is not working on POS.\r\nAfter latest version installed and did some troubleshoot and worked fine', '', '', 1),
	(742, 9, '2021-04-07', '10:06:59', 0, 0, 'andy', 33, 9, '24578597', NULL, 1, 11, 'IPP310\r\nTCP-IP\r\n24578597\r\n\r\nContacting TMS And showing invalid header.\r\nchange the system size to 16 and its started downloading.', '', '', 1),
	(743, 9, '2021-04-07', '11:22:26', 0, 0, 'mitul', 40, 14, '01779987', NULL, 10, 34, 'Keep dropping WI-FI connection', '', '', 1),
	(745, 10, '2021-04-07', '00:00:00', 0, 0, '', 31, 16, '', NULL, 6, 25, 'customer want to enable contactless on 5 merchant id ', '', '', 1),
	(746, 10, '2021-04-07', '16:12:33', 0, 0, '', 20, NULL, '', NULL, 11, 37, 'want contact to Vineel', 'N/A', 'N/A', 1),
	(747, 10, '2021-04-08', '09:29:22', 0, 0, '', 48, NULL, '', NULL, 11, 37, 'Dealer wants to know about SAM4S pos is it work with ingenico terminals and will work for one way or two.', 'N/A', 'N/A', 1),
	(748, 10, '2021-04-08', '09:53:03', 0, 0, 'Zylex', 62, 14, '', NULL, 2, 12, 'Customer\'s terminal was not doing RKI and he want logos for his 3 terminals\r\nsuggest him to contact terminal to TMS and its start works fine and set logos into TMS for his three terminals.', '', '', 1),
	(749, 9, '2021-04-08', '10:48:36', 0, 0, 'kevin', 37, 14, '11684952', NULL, 14, 44, 'There was reverse pending transaction on deactivated terminal ID however that ID was no longer available and there was $150 offline transaction stuck so its not possible to rest the terminal ID.\r\n\r\nAdvised customer to send that terminal to Skyzer.', '', '', 1),
	(750, 10, '2021-04-08', '11:20:15', 0, 0, 'Alex', 62, 14, '', NULL, 1, 11, 'Terminals are V5 and not contacting to TMS \r\nAfter connecting with TMS terminal start having software issue and pass it to Nilesh ', '', '', 1),
	(751, 10, '2021-04-08', '11:30:40', 0, 0, 'Andrew', 9, NULL, '', NULL, 5, 23, 'Forwarded to Kishan ', '', '', 2),
	(752, 10, '2021-04-08', '12:19:44', 0, 0, 'Hayden ', 10, 14, '18124679', NULL, 11, 37, 'After connecting TMS went on LLT mode Its V5 terminal and pass it to Nilesh ', 'N/A', 'N/A', 1),
	(753, 10, '2021-04-08', '12:38:26', 0, 0, 'Alex', 62, 14, '', NULL, 11, 37, 'Customer want to talk to Nilesh ', 'N/A', 'N/A', 1),
	(754, 10, '2021-04-08', '12:47:56', 0, 0, 'Andy', 33, 10, '21971389', NULL, 11, 37, 'He want to know about IKR certification will effect IWL terminals or not ', 'N/A', 'N/A', 1),
	(755, 10, '2021-04-08', '14:00:53', 0, 0, 'warrick', 73, NULL, '', NULL, 11, 37, 'Customer has a IPP315 Pinpad and it was giving chip card error so I suggest him better to send to service and service people will diagnose it  ', 'Chip card issue', 'need  service ', 1),
	(756, 10, '2021-04-08', '14:32:20', 0, 0, 'Hayden ', 10, 14, '', NULL, 5, 46, 'Explain him press Func+7418+7 and start working fine ', '', '', 1),
	(757, 10, '2021-04-08', '14:45:14', 0, 0, '', 20, NULL, '', NULL, 11, 37, 'customer want to talk to Vineel ', 'N/A', 'N/A', 1),
	(758, 9, '2021-04-08', '15:34:17', 0, 0, 'chris', 66, 21, '', NULL, 10, 34, 'Customer wants to change interface from serial to USB.\r\n', '', '', 1),
	(759, 10, '2021-04-08', '00:00:00', 0, 0, '', 48, 21, '22593761', NULL, 1, 11, 'While loading TMS terminal was showing failed transaction so check with jay and he reset some settings and its start working.', '', '', 1),
	(760, 10, '2021-04-08', '16:04:46', 0, 0, 'Hayden ', 10, 11, '20554187', NULL, 1, 11, 'while loading TMS terminal was showing failed server ask from jay to reset the settings and its start working fine.', '', '', 1),
	(761, 9, '2021-04-09', '11:00:04', 0, 0, 'ran', 1, 14, '', NULL, 11, 37, '', 'WI-FI Password in alphabetic form', 'Menu-control pane-terminal settings-comms mean-wifi-scan network-enter password', 1),
	(762, 10, '2021-04-09', '11:59:20', 0, 0, 'Sophye', 5, 14, '', NULL, 14, 44, 'The merchant id is using by 2 customers so i suggest customer to contact paymark and explain them.', '', '', 1),
	(763, 10, '2021-04-09', '13:23:53', 0, 0, 'jecky ', 7, NULL, '', NULL, 11, 37, 'customer want to talk to Kishan', 'N/A', 'N/A', 1),
	(764, 10, '2021-04-12', '09:26:43', 0, 0, 'Jeffry', 31, 15, '', NULL, 11, 37, 'Customer want to change setting serial to USB \r\n\r\nSo i suggest him press Function 6629\r\n\r\nselect 2 press entre and re-start the terminal ', 'How to change serial to USB', 'Function 6629\r\nselect 2 press entre and re-start the terminal ', 1),
	(765, 10, '2021-04-12', '10:35:34', 0, 0, '', 56, NULL, '', NULL, 3, 17, 'Pin pad was show some strange error with numbers and but with in sometimes pin pad start working fine ', '', '', 1),
	(766, 6, '2021-04-12', '11:40:14', 0, 0, 'Terry ', 54, NULL, '', NULL, 1, 10, 'Terry wants to know whether we can assign logo to pinpad or not?', '', '', 1),
	(767, 10, '2021-04-12', '11:42:46', 0, 0, 'sonia', 70, 9, '21894508', NULL, 11, 37, 'terminal was showing offline but working fine\r\n i suggest remove ethernet and put it back do logon test \r\ncall from eftpos specialist ', 'unknown', 'terminal was showing offline but working fine\r\n i suggest remove ethernet and put it back do logon test \r\ncall from eftpos specialist ', 2),
	(768, 10, '2021-04-12', '11:51:07', 0, 0, 'Hayden ', 10, NULL, '', NULL, 11, 37, 'customer want to talk to Nilesh ', 'unknown ', 'customer want to talk to Nilesh ', 1),
	(769, 10, '2021-04-12', '11:52:11', 0, 0, 'Naison ', 7, 11, '', NULL, 14, 44, 'Ethernet was issue and customer want to print the transaction and transaction printed and he is going to send terminal for service', '', '', 1),
	(770, 10, '2021-04-12', '11:57:40', 0, 0, 'david', 7, NULL, '', NULL, 11, 37, 'customer want to talk to manager \r\nCustomer from fedex', 'Unknown', 'customer want to talk to manager \r\nCustomer from fedex', 1),
	(771, 10, '2021-04-12', '13:43:02', 0, 0, '', 27, 16, '', NULL, 11, 37, 'customer was asking do the pin pad is already enable on all the new DESK5000\r\ni suggest check after connection if it shows somethings use same functionality', 'Unknown', 'customer was asking do the pin pad is already enable on all the new DESK5000\r\ni suggest check after connection if it shows somethings use same functionality', 1),
	(772, 10, '2021-04-12', '13:48:17', 0, 0, 'Swati', 52, NULL, '', NULL, 11, 37, 'Customer was checking the about their pos is it certified by skyzer but customer did not know the name of pos \r\ndid not call again', 'Unknown', 'Customer was checking the about their pos is it certified by skyzer but customer did not know the name of pos ', 1),
	(773, 6, '2021-04-12', '13:46:30', 0, 0, 'James', 36, NULL, '', NULL, 1, 42, 'wanted to know about IKR status.', '', '', 1),
	(774, 10, '2021-04-12', '14:10:05', 0, 0, 'tara', 7, 16, '', NULL, 11, 37, 'customer was asking about the terminal and while talking she decline the call', 'N/A', 'N/A', 1),
	(775, 10, '2021-04-12', '14:38:00', 0, 0, 'Richard', 44, NULL, '18125046', NULL, 11, 37, 'customer want to talk Kishan  ', 'Unknown', 'customer want to talk Kishan  ', 1),
	(776, 10, '2021-04-12', '16:47:38', 0, 0, 'shaun ', 44, 14, '', NULL, 11, 37, 'Customer sim was not working told him to follow steps like do configuration of merchant logon and then its start working ', 'Unknown', 'Customer sim was not working told him to follow steps like do configuration of merchant logon and then its start working ', 1),
	(777, 10, '2021-04-13', '09:41:34', 0, 0, 'mike jone', 59, 21, '24180355', NULL, 1, 10, 'customer was facing issue to assign new logo ', '', '', 1),
	(778, 10, '2021-04-13', '09:54:33', 0, 0, 'Maraia', 27, 14, '18124145', NULL, 1, 10, 'customer was not getting logo \r\n', '', '', 1),
	(779, 10, '2021-04-13', '09:55:46', 0, 0, 'Avi', 41, 9, '21894508', NULL, 11, 37, 'Terminal was showing offline and tried to do some steps and it was not solve so call pass it to Kishan.', 'Unknown', 'Terminal was showing offline and tried to do some steps and it was not solve so call pass it to Kishan.', 2),
	(780, 10, '2021-04-13', '10:21:22', 0, 0, '', 31, 9, '24578903', NULL, 1, 42, 'Customer was trying to do IKR with Dial-up so kishan suggest do it with TCP IP ', '', '', 1),
	(781, 10, '2021-04-13', '00:00:00', 0, 0, '', 3, 16, '13435137', NULL, 11, 37, 'Customer want to set chines payment to his contact details will contact him  \r\nDone by Kishan', 'Unknown', 'Customer want to set chines payment to his contact details will contact him  ', 1),
	(782, 10, '2021-04-13', '11:19:40', 0, 0, '', 27, 9, '', NULL, 11, 37, 'customer want to set multiple merchant ids \r\nSelect fun-7418\r\npress- 3\r\nthen put 1and 2 \r\nfun 3824 fill details ', 'Unknown', 'customer want to set multiple merchant ids \r\nSelect fun-7418\r\npress- 3\r\nthen put 1and 2 \r\nfun 3824 fill details ', 1),
	(783, 6, '2021-04-13', '11:42:06', 0, 0, 'Suzy ', 55, NULL, '', NULL, 4, 41, 'Move/5000 : 01780700 stop working on 9/04/2021\r\n\r\nUSB to serial converter \r\n\r\nNitro Version :-  4.7.5.3\r\n\r\nMove/5000 : 11350913 (working Fine ) -Serial cable\r\nS/W version : 346 REV 3 \r\nCounter Intelligence  \r\nAnother Move/5000 running on the same S/W version working fine. \r\n\r\nWindows 10 pro / Version 2004', '', '', 1),
	(784, 10, '2021-04-13', '12:55:18', 0, 0, '', 41, 14, '', NULL, 10, 35, 'give some instructions and then forward call to Kishan ', '', '', 1),
	(785, 10, '2021-04-13', '13:05:12', 0, 0, '', 31, 16, '', NULL, 11, 37, 'customer want to turn off purchase cash but he want to use it so transfer call to Kishan ', 'N/A', 'N/A', 1),
	(786, 10, '2021-04-13', '13:20:57', 0, 0, 'vivian ', 3, 14, '', NULL, 11, 37, 'customer want to set Chinese payment  ', 'Unknown', 'customer want to set Chinese payment  ', 1),
	(787, 5, '2021-04-13', '13:37:24', 0, 0, 'Gavin', 31, 9, '', NULL, 1, 45, 'Terminal unable to complete EMV download. Dial up connection. ', '', 'advice to change dial settings to tone/blind to see if helps. ', 1),
	(788, 10, '2021-04-13', '13:39:28', 0, 0, 'Sophye', 5, 10, '', NULL, 14, 44, 'transaction was pending but dealer does not have much info about terminal because terminal wan not with her\r\nNo update after that ', '', '', 1),
	(789, 10, '2021-04-13', '13:49:25', 0, 0, '', 64, 14, '', NULL, 1, 10, 'customer want logo on terminal ', '', '', 1),
	(790, 10, '2021-04-13', '13:49:57', 0, 0, 'vivian ', 3, NULL, '', NULL, 11, 37, 'customer want to talk to Vineel ', 'N/A', 'N/A', 1),
	(791, 10, '2021-04-13', '13:50:41', 0, 1, 'vivian ', 3, 16, '', NULL, 11, 37, 'customer want Chinese payment suggest him to fill form and send back to  us', 'Unknown', 'customer want Chinese payment suggest him to fill form and send back to  us', 1),
	(792, 10, '2021-04-13', '14:27:22', 0, 0, '', 11, NULL, '', NULL, 1, 42, 'customer want info how it will work \r\nPassed call to Kishan ', '', '', 1),
	(793, 10, '2021-04-13', '00:00:00', 0, 0, '', 41, NULL, '', NULL, 11, 37, 'Customer was checked the particular pos will connect to Ingenico terminals', 'N/A', 'N/A', 1),
	(794, 6, '2021-04-13', '15:40:01', 0, 0, 'Richard', 48, NULL, '', NULL, 3, 16, 'Wanted to know the whole S/N for Pinpad.', '', '', 1),
	(795, 6, '2021-04-13', '15:46:40', 0, 0, 'Leo ', 30, NULL, '', NULL, 1, 42, 'Terminal is not doing IKR. Terminal was not getting an internet.', '', '', 1),
	(796, 10, '2021-04-14', '09:25:44', 0, 0, 'EVA', 12, NULL, '', NULL, 11, 37, 'customer want to talk to Axita', 'Unknown', 'customer want to talk to Axita', 1),
	(797, 10, '2021-04-14', '09:30:02', 0, 0, 'Sophye', 5, 14, '', NULL, 11, 37, 'Customer said terminal is not getting charge from base and from direct through terminal and i suggest to try another charging cable could so she gone try that \r\nAfter that no update from customer', 'Unknown', 'Customer said terminal is not getting charge from base and from direct through terminal and i suggest to try another charging cable could so she gone try that ', 1),
	(798, 10, '2021-04-14', '09:33:20', 0, 0, 'Sophye', 1, 14, '', NULL, 11, 37, 'customer want to conform can we use move5000 base with another move5000 just for charging purpose \r\ni suggest if just for charging purpose then yes but if you guys want to use base for Bluetooth then you have to remove base from older terminal if the Bluetooth is connected. ', 'Unknown', 'customer want to conform can we use move5000 base with another move5000 just for charging purpose \r\ni suggest if just for charging purpose then yes but if you guys want to use base for Bluetooth then you have to remove base from older terminal if the Bluetooth is connected. ', 1),
	(799, 6, '2021-04-14', '09:27:40', 0, 0, 'Navneet ', 91, NULL, '', NULL, 2, 12, 'Nitro was enabled. hence, terminal didn\'t do logon.', '', '', 1),
	(800, 9, '2021-04-14', '10:33:35', 0, 0, 'navi', 91, NULL, '', NULL, 2, 13, 'keys release.', '', '', 1),
	(801, 10, '2021-04-14', '10:46:52', 0, 0, 'Avi', 70, NULL, '', NULL, 11, 37, 'customer want to talk to Kishan and the call transferred', 'Unknown', 'customer want to talk to Kishan and the call transferred', 1),
	(802, 10, '2021-04-14', '11:00:22', 0, 0, 'Finlay', 7, NULL, '', NULL, 10, 35, 'customer was asking about the pos vender  customer was from Australia \r\nDone', '', '', 1),
	(803, 10, '2021-04-14', '11:03:11', 0, 1, '', 87, NULL, '', NULL, 11, 37, 'was getting some details about some terminals\' transactions dates', 'Unknown', 'was getting some details about some terminals\' transactions dates', 1),
	(804, 10, '2021-04-14', '11:19:56', 0, 1, '', 87, NULL, '', NULL, 11, 37, 'Getting details about some  serial numbers \r\ndone', 'Unknown', 'Getting details about some  serial numbers ', 1),
	(805, 10, '2021-04-14', '12:00:38', 0, 1, 'cheery', 47, 10, '', NULL, 15, 55, 'suggest customer to disable and enable again pin pad she will contact to customer', '', '', 2),
	(806, 10, '2021-04-14', '12:36:38', 0, 0, 'Richard', 41, NULL, '', NULL, 15, 55, 'need certification\'s need to send here ', '', '', 1),
	(807, 10, '2021-04-14', '13:25:20', 0, 0, 'Teery', 45, NULL, '', NULL, 15, 55, 'Suggest her need to send pin pad here and she was saying terminal is freezing not able to do anything we suggest here press 77 is will work. Dunedin\r\nno update after this', 'Unknown', 'Suggest her need to send pin pad here and she was saying terminal is freezing not able to do anything we suggest here press 77 is will work. Dunedin', 1),
	(808, 10, '2021-04-14', '13:26:50', 0, 0, 'Tam', 5, NULL, '', NULL, 15, 55, 'pinpad was out of order suggest her need to send here and you can use terminals as a standalone', 'Unknown', 'pinpad was out of order suggest her need to send here and you can use terminals as a standalone', 1),
	(809, 10, '2021-04-14', '13:53:53', 0, 0, 'Teery', 54, NULL, '', NULL, 15, 55, 'terminal still freezing \r\nNo update after that ', 'Unknown', 'terminal still freezing ', 1),
	(811, 9, '2021-04-14', '14:33:09', 0, 0, 'kevin', 31, 9, '', NULL, 15, 55, 'ICT220-24579117\r\nIPP310-error message-smiley face', '', '', 1),
	(812, 10, '2021-04-14', '14:45:12', 0, 0, 'Richard', 41, NULL, '', NULL, 15, 55, 'customer said terminal is freezing and not able to do anything on terminal i suggest disable pin pad and will work Richard will go site and will check ', '', '', 1),
	(813, 10, '2021-04-14', '14:51:45', 0, 0, 'Gavin', 32, 17, '', NULL, 11, 37, 'Customer want to check is he can use Skinny sim or not\r\nI suggest no we can only use Vodaphone, 2digree, Spark ', 'Unknown', 'Customer want to check is he can use Skinny sim or not\r\nI suggest no we can only use Vodaphone, 2digree, Spark ', 1),
	(814, 9, '2021-04-14', '14:44:58', 0, 0, 'avi', 70, 21, '', NULL, 15, 55, '25117663\r\nTerminal showing pinpad out of order.', '', '', 1),
	(815, 10, '2021-04-14', '00:00:00', 0, 0, '', 17, 21, '72009704', NULL, 1, 42, 'Customer was saying terminal is stuck but i suggest it will take time and do not disconnect it \r\nit will take time.', '', '', 1),
	(816, 10, '2021-04-14', '15:30:45', 0, 0, 'Danial ', 16, NULL, '', NULL, 15, 55, 'Pin pad stuck on smiley face but terminal start working fine and he will use terminal as standalone and pin pad he will send here.', '', '', 1),
	(817, 6, '2021-04-14', '10:25:43', 0, 0, 'Avi', 70, NULL, '', NULL, 11, 37, 'Cable is 52/15\r\nNot everyday , 2-3 time in weekly\r\nEftpos screen showing date and time only - Blank ( white screen )\r\n\r\nPinpad screen - paymark eftpos \r\n Didn\'t restart by pressing func + Clear\r\n Restarted by unplugging the cable\r\n\r\nMost probably it happened when terminal is unattended for a while.\r\n\r\n\r\n', 'Advised Avi about the pilot site aand once we get confirmation we will let him know.', 'Waiting for Pilot site confirmation', 2),
	(818, 9, '2021-04-14', '16:01:40', 0, 0, 'umesh', 64, 21, '', NULL, 15, 55, 'ICT250-26224676\r\n\r\nIKR report from vineel says pinpad IKR at Risk but customer says its ptint off 3/3 already valid.\r\nupdated \r\n \r\n', '', '', 1),
	(819, 9, '2021-04-14', '16:19:26', 0, 0, 'lewis', 4, 9, '', NULL, 1, 11, 'Ict20-21022100\r\n\r\ninvalid header showing after contacting TMS.\r\nChanged the system size-10 and it working fine.', '', '', 1),
	(820, 10, '2021-04-15', '09:55:28', 0, 0, 'david', 66, 9, '', NULL, 15, 55, 'Pin pad was showing out of order\r\nsuggest him use terminal only suggest by Kishan', '', '', 1),
	(821, 10, '2021-04-15', '00:00:00', 0, 0, '', 2, 16, '', NULL, 11, 37, 'customer was asking can he use IPP 315 with desk5000V5 \r\nAns; NO\r\nonly DESK 1500', 'Unknown', 'customer was asking can he use IPP 315 with desk5000V5 \r\nAns; NO\r\nonly DESK 1500', 1),
	(822, 9, '2021-04-15', '11:15:32', 0, 0, 'david', 66, 9, '', NULL, 15, 55, 'pinpad showing out of order', '', '', 1),
	(823, 10, '2021-04-15', '12:40:58', 0, 0, 'Amit', 2, 21, '25116264', NULL, 1, 11, 'terminal was deactivated and customer forget that so i suggest him  need to activate it if you want to activate you can send email to compliance ', '', '', 1),
	(824, 10, '2021-04-15', '12:42:57', 0, 0, 'Shila', 9, 9, '', NULL, 15, 55, 'terminal was freezing and pin pad was showing out of order \r\nshe will provide terminal serial numbers \r\n5 pin pad was effected ', '', '', 2),
	(825, 10, '2021-04-15', '14:01:06', 0, 0, 'Umesh ', 64, NULL, '', NULL, 15, 55, 'customer was asking he needs to sent to Skyzer and it will be chargeable?\r\nANS: yaa you need to send to Skyzer but pin pad will not be chargeable ', '', '', 1),
	(826, 10, '2021-04-15', '14:19:01', 0, 0, 'Umesh ', 64, NULL, '', NULL, 15, 55, 'Pin pad was working fine and he was confuse he needs to send it here or not bcz pinpad was working fine and  Kishan checked and it was certified so no need to send here ', '', '', 1),
	(827, 10, '2021-04-15', '14:41:26', 0, 0, 'Owen', 64, 16, '14160829', NULL, 1, 11, 'suggest him to reset merchant id and config it again it starts working fine ', '', '', 1),
	(828, 9, '2021-04-15', '14:34:09', 0, 0, 'prem', 7, 14, '', NULL, 4, 41, 'Mobility center \r\n\r\nmove5000:16853489\r\n\r\ntechnical IT support\r\n\r\npassword:p4gt566t', '', '', 1),
	(829, 9, '2021-04-15', '15:03:39', 0, 0, 'jason', 22, 21, '', NULL, 5, 23, 'want to enable surcharge on the tellium terminal.\r\n\r\nsolution: Fun8 \r\n', '', '', 1),
	(830, 10, '2021-04-16', '10:27:54', 0, 0, 'Nacho', 17, 9, '', NULL, 11, 37, 'Customer was checking end life of ICT 250 and ICT220 \r\nAns   April 2023 ', 'Unknown', 'Customer was checking end life of ICT 250 and ICT220 \r\nAns   April 2023 ', 1),
	(831, 9, '2021-04-16', '09:28:02', 0, 0, 'sonia', 41, 9, 'IPP310', NULL, 4, 19, 'ICT220', '', '', 1),
	(832, 9, '2021-04-16', '10:50:40', 0, 0, 'naidu', 17, 9, '', NULL, 11, 37, 'ICT220-21575173\r\n\r\nCustomer wants to stop downloading IKR file whenever he contact TMS ', 'Customer wants to stop downloading IKR file whenever he contact TMS', 'We can stop vis TMS prevent download but customer needs to contact support every time while contacting TMS', 1),
	(833, 10, '2021-04-16', '11:31:29', 0, 0, 'Jacob ', 11, NULL, '', NULL, 10, 34, 'customer was looking for 1 way 2 interface\'s PIN and he want to talk to henery. \r\nHanery send him email. ', '', '', 1),
	(834, 9, '2021-04-16', '13:37:52', 0, 0, 'ronald', 1, 14, '', NULL, 2, 12, 'Terminal is on WI-FI and not doing RKI.\r\nerror message-Please try again.\r\nSolution -Restart the terminal and it works fine. ', '', '', 1),
	(835, 10, '2021-04-16', '13:44:55', 0, 0, 'EVA', 12, 9, '24579046', NULL, 15, 55, 'suggest use standalone and its working as standalone ', '', '', 1),
	(836, 10, '2021-04-16', '16:20:18', 0, 0, 'Arfat', 45, 21, '', NULL, 11, 37, 'terminal was doing logon continuously then it start working fine ', 'Unknown', 'terminal was doing logon continuously then it start working fine ', 1),
	(837, 9, '2021-04-16', '15:58:39', 0, 0, 'richard', 41, 21, '', NULL, 2, 12, 'serial number:20489732\r\n15711801', '', '', 1),
	(838, 10, '2021-04-19', '10:17:26', 0, 0, 'david', 66, 14, '', NULL, 10, 35, 'customer want to know do he need to connect Bluetooth for connect terminal with pos ', '', '', 1),
	(839, 10, '2021-04-19', '10:51:05', 0, 0, 'Jacob ', 11, 16, '', NULL, 11, 37, 'Terminal is going to restart after 2 3 transactions \r\n\r\nAsk from kishan and suggest him clear merchant id and re configure terminal contact to TMS and give us call if you feel issue again \r\nNo update after this ', 'Unknown', 'Terminal is going to restart after 2 3 transactions \r\n\r\nAsk from kishan and suggest him clear merchant id and re configure terminal contact to TMS and give us call if you feel issue again ', 1),
	(840, 10, '2021-04-19', '00:00:00', 0, 0, 'Jacob ', 11, 16, '02986011', NULL, 11, 37, 'Terminal is going to restart after 2 3 transactions \r\n\r\nAsk from kishan and suggest him clear merchant id and re configure terminal contact to TMS and give us call if you feel issue again \r\nNo update after this\r\n', 'Unknown', 'Terminal is going to restart after 2 3 transactions \r\n\r\nAsk from kishan and suggest him clear merchant id and re configure terminal contact to TMS and give us call if you feel issue again ', 1),
	(841, 10, '2021-04-19', '11:40:26', 0, 0, 'Albert', 13, 9, '23803481', NULL, 1, 11, 'Showing TMS error suggest him do rki and try again \r\nNo update after this ', '', '', 1),
	(842, 9, '2021-04-19', '12:19:51', 0, 0, 'STEPHEN', 10, 21, '', NULL, 4, 41, 'NITRO set up through team viewer.\r\n', '', '', 1),
	(843, 10, '2021-04-19', '13:19:45', 0, 0, 'Swaaty ', 45, 21, '', NULL, 11, 37, 'Customer said terminal was printing receipt continuously but terminal   is working fine so i suggest customer send picture of receipt \r\n\r\nIKR certification update on receipt ', 'Unknown', 'Customer said terminal was printing receipt continuously but terminal   is working fine so i suggest customer send picture of receipt ', 1),
	(844, 10, '2021-04-19', '15:14:14', 0, 0, 'Mohit ', 35, 14, '', NULL, 11, 37, 'Customer req for release keys', 'Unknown', 'Customer req for release keys', 1),
	(845, 10, '2021-04-19', '16:21:58', 0, 0, 'david', 66, 10, '20286554', NULL, 11, 37, 'customer was asking terminal is restarting while charging suggest him to send it here for inspection ', 'Unknown', 'customer was asking terminal is restarting while charging suggest him to send it here for inspection ', 1),
	(846, 9, '2021-04-20', '09:08:33', 0, 0, 'mike', 73, 15, '', NULL, 11, 37, 'Reset GPRS and MOVE2500 Wi-Fi does not support', 'How to reset GPRS Link', 'FUN 3823', 1),
	(847, 10, '2021-04-20', '09:26:11', 0, 0, '', 73, 15, '', NULL, 11, 37, 'Customer was not getting Ethernet IP address so forward call to Kishan and help him to reset settings ', 'Unknown', 'Customer was not getting Ethernet IP address so forward call to Kishan and help him to reset settings ', 1),
	(848, 10, '2021-04-20', '09:44:43', 0, 0, 'jill', 54, NULL, '', NULL, 11, 37, 'Customer was asking about pos VEND which not certified by skyzer', 'Unknown', 'Customer was asking about pos VEND which not certified by skyzer', 1),
	(849, 10, '2021-04-20', '10:08:21', 0, 0, 'Richard', 48, 9, '24109132', NULL, 1, 11, 'Suggest him to change size and its start working ', '', '', 1),
	(850, 10, '2021-04-20', '10:47:42', 0, 0, 'jojo', 41, 9, '', NULL, 14, 44, 'suggest him press F4 or menu3151 and test there Ethernet is working fine or not  ', '', '', 1),
	(851, 10, '2021-04-20', '11:31:14', 0, 0, 'Sid', 48, 9, '', NULL, 11, 37, 'INIT readar not issue terminal was working fine ', 'Unknown', 'INIT readar not issue terminal was working fine ', 1),
	(852, 10, '2021-04-20', '14:11:10', 0, 0, 'david', 2, 16, '17678228', NULL, 11, 37, 'customer was trying to connect DESK1500 with DESK5000 pin pad was not working \r\nANS;  DESK 1500 pin pad will only work with V5 terminal not with V4 currently with V4 terminal only IPP 315 pin pad will work.', 'Unknown', 'customer was trying to connect DESK1500 with DESK5000 pin pad was not working \r\nANS;  DESK 1500 pin pad will only work with V5 terminal not with V4 currently with V4 terminal only IPP 315 pin pad will work.', 1),
	(853, 10, '2021-04-21', '10:22:06', 0, 0, 'Gavin', 31, NULL, '', NULL, 11, 37, 'Customer was asking about the expiry date of telium software \r\nANS:  Software 30 April 2022 and hardware 30 April 2023', 'Unknown', 'Customer was asking about the expiry date of telium software \r\nANS:  Software 30 April 2022 and hardware 30 April 2023', 1),
	(854, 9, '2021-04-21', '10:24:46', 0, 0, 'david', 1, 15, '', NULL, 6, 24, 'two merchant Id configuration on one terminal.', '', '', 1),
	(855, 10, '2021-04-21', '10:28:04', 0, 0, 'david', 1, 15, '', NULL, 6, 24, '', '', '', 1),
	(856, 10, '2021-04-21', '10:53:38', 0, 0, 'kay', 22, NULL, '', NULL, 11, 37, 'customer was asking the circle pos is certified by Skyzer ', 'Unknown', 'customer was asking the circle pos is certified by Skyzer ', 1),
	(857, 6, '2021-04-21', '12:09:15', 0, 0, 'peter', 1, NULL, '', NULL, 11, 37, 'Peter wanted to know whether she can use Desk/1500 Pinpad with Desk/3200 V4 or not.', 'can Desk/1500 Pinpad compatible with Desk/3200 V4 or not?', 'Answer is no . Once we release PTS 190 new software. than after we can use Desk/1500 with Desk/3200 V4 terminals.', 1),
	(858, 10, '2021-04-21', '13:34:04', 0, 0, 'thomas', 41, 9, '', NULL, 11, 37, 'Customer call directly about printing receipt again again so the customer gelongs to E.S Auckland so explain them by it was printing receipt.', 'Unknown', 'Customer call directly about printing receipt again again so the customer gelongs to E.S Auckland so explain them by it was printing receipt.', 1),
	(859, 10, '2021-04-21', '14:40:38', 0, 0, '', 5, 14, '', NULL, 11, 37, 'Logon was failed her ethernet was not working ', 'Unknown', 'Logon was failed her ethernet was not working ', 1),
	(860, 10, '2021-04-21', '14:44:25', 0, 0, 'SISI', 58, 21, '', NULL, 11, 37, 'Showing invalid transaction \r\nKishan and Nilesh tested terminal was working fine they suggest her to Paymark', 'Unknown', 'Showing invalid transaction \r\nKishan and Nilesh tested terminal was working fine they suggest her to Paymark', 1),
	(861, 10, '2021-04-22', '09:14:31', 0, 0, 'Mike ', 59, 9, '22189059', NULL, 11, 37, 'Customer was asking why it is showing update again again \r\nIts just IKR certification update now terminal will contact to TMS twice in month.', 'Unknown', 'Customer was asking why it is showing update again again \r\nIts just IKR certification update now terminal will contact to TMS twice in month.', 1),
	(862, 10, '2021-04-22', '00:00:00', 0, 0, '', 6, 9, '21427727', NULL, 11, 37, 'Contacted TMS 2 3 time and suggest them it was certification update ', 'Unknown', 'Contacted TMS 2 3 time and suggest them it was certification update ', 1),
	(863, 10, '2021-04-22', '11:27:02', 0, 0, '', 67, 18, '', NULL, 2, 12, 'she give me number to contact to customer ', '', '', 1),
	(864, 10, '2021-04-22', '00:00:00', 0, 1, '', 67, NULL, '', NULL, 2, 12, 'Help customer to do merchant logon ', '', '', 1),
	(865, 10, '2021-04-22', '12:04:57', 0, 0, 'Richard ', 48, 9, '23803402', NULL, 1, 11, 'changed size', '', '', 1),
	(866, 10, '2021-04-22', '12:10:15', 0, 0, 'Gavin', 31, 14, '', NULL, 11, 37, 'Customer was asking about backup with WIFI include GPRS so i suggest him you can only use WIFI but with WIFI you will not get backup', 'Unknown', 'Customer was asking about backup with WIFI include GPRS so i suggest him you can only use WIFI but with WIFI you will not get backup', 1),
	(867, 10, '2021-04-22', '13:16:28', 0, 0, 'Avi', 91, 15, '', NULL, 11, 37, 'customer was asking how to change setting from Ethernet to SIM ', 'Unknown', 'customer was asking how to change setting from Ethernet to SIM', 1),
	(868, 10, '2021-04-22', '13:34:12', 0, 0, 'Colien ', 54, NULL, '', NULL, 11, 37, 'Customer want to use centapay through QR code and she was asking can they use QR code on terminals \r\nNO', 'Unknown', 'Customer want to use centapay through QR code and she was asking can they use QR code on terminals \r\nNO', 1),
	(869, 6, '2021-04-22', '15:48:19', 0, 0, 'Arfat', 45, NULL, '', NULL, 1, 42, 'Terminal certificate seems to get expired as Arafat tried 3 different Pinpads which didn\'t work. Advised him to swap the terminal and send it back to Skyzer.', '', '', 1),
	(870, 10, '2021-04-23', '10:48:56', 0, 0, 'Sid', 48, NULL, '', NULL, 11, 37, 'Customer was asking do they need to contact terminal to TMS after deploy the pinpad or not \r\nANS no Pin pad will work straight way', 'Unknown', 'Customer was asking do they need to contact terminal to TMS after deploy the pinpad or not \r\nANS no Pin pad will work straight way', 1),
	(871, 10, '2021-04-23', '12:34:32', 0, 0, '', 64, 14, '', NULL, 1, 10, 'and help him to pair with base ', '', '', 1),
	(872, 9, '2021-04-23', '14:41:40', 0, 0, 'gavin', 31, 21, 'IPP310', NULL, 3, 16, 'NITRO- terminal showing pinpad busy.\r\nsuggestion disconnect5 pinpad and try to connect it back.', '', '', 1),
	(873, 10, '2021-04-23', '15:59:55', 0, 0, 'Umesh ', 64, NULL, '', NULL, 15, 55, 'customer want to check his pinpad is updated or not', '', '', 1),
	(874, 10, '2021-04-23', '16:00:55', 0, 1, 'tania ', 67, 18, '', NULL, 11, 37, 'got some info about her terminal', 'Unknown', 'got some info about her terminal', 1),
	(875, 9, '2021-04-27', '09:44:12', 0, 0, 'den', 4, 16, '', NULL, 11, 37, 'Customer wants to place an replacement order for the current device which he is using and it sop working due to coffee spills over the keypad and it stop working.', 'New order request', 'order request through purchase order', 1),
	(876, 10, '2021-04-27', '10:54:47', 0, 0, 'Danial ', 38, 14, '', NULL, 11, 37, 'customer had a liquid damage terminal he want replacement got contact details to ring him back  ', 'Unknown', 'customer had a liquid damage terminal he want replacement got contact details to ring him back  ', 2),
	(877, 10, '2021-04-27', '10:56:11', 0, 1, 'Gareth', 38, 14, '', NULL, 11, 37, 'customer had a liquid damage terminal he want replacement got contact details to ring him back  \r\ngareth gave me number to tell to customer so he can get terminal ', 'Unknown', 'customer had a liquid damage terminal he want replacement got contact details to ring him back  \r\ngareth gave me number to tell to customer so he can get terminal ', 2),
	(878, 10, '2021-04-27', '10:57:34', 0, 0, 'Danial ', 38, 14, '', NULL, 11, 37, 'customer had a liquid damage terminal he want replacement got contact details to ring him back  \r\ngareth gave me number to tell to customer so he can get terminal \r\ntook his address and details because he already contact that number so that\'s why he contact in skyzer \r\nDone ', 'Unknown', 'customer had a liquid damage terminal he want replacement got contact details to ring him back  \r\ngareth gave me number to tell to customer so he can get terminal \r\ntook his address and details because he already contact that number so that\'s why he contact in skyzer ', 1),
	(879, 10, '2021-04-27', '10:59:40', 0, 1, 'Gareth', 38, 14, '', NULL, 11, 37, 'customer had a liquid damage terminal he want replacement got contact details to ring him back  \r\nGareth gave me number to tell to customer so he can get terminal \r\ntook his address and details because he already contact that number so that\'s why he contact in Skyzer \r\nprovide address details to Gareth so he can arrange terminal for customer ', 'Unknown', 'customer had a liquid damage terminal he want replacement got contact details to ring him back  \r\nGareth gave me number to tell to customer so he can get terminal \r\ntook his address and details because he already contact that number so that\'s why he contact in Skyzer \r\nprovide address details to Gareth so he can arrange terminal for customer ', 1),
	(880, 10, '2021-04-27', '00:00:00', 0, 0, '', 33, 16, '14161307', NULL, 11, 37, 'contacting TMS every day from history i can see its only contact twice in month so i suggest customer get more details what actually comes up on screen when customer says its contacting to TMS \r\nNo update after that ', 'Unknown', 'contacting TMS every day from history i can see its only contact twice in month so i suggest customer get more details what actually comes up on screen when customer says its contacting to TMS ', 1),
	(881, 10, '2021-04-27', '00:00:00', 0, 0, '', 20, 15, '', NULL, 11, 37, 'customer was says after logon terminal is not showing 1 of 1 \r\nafter accepted i suggest him restart terminal and try again ', 'Unknown', 'customer was says after logon terminal is not showing 1 of 1 \r\nafter accepted i suggest him restart terminal and try again ', 2),
	(882, 10, '2021-04-28', '09:18:55', 0, 0, 'mark', 20, 17, '04121416', NULL, 1, 10, '', '', '', 1),
	(883, 10, '2021-04-28', '13:35:46', 0, 0, 'shanne', 67, 18, '', NULL, 11, 37, 'Not connecting she have delete app will call back ', 'Unknown', 'Not connecting she have delete app will call back ', 2),
	(884, 10, '2021-04-29', '09:06:56', 0, 0, 'Umesh ', 64, 15, '', NULL, 11, 37, 'Terminal was continuously downloading EVM tools and then he hang the phone when I put him on hold and after that I tried 2 times he did not pick a call.  ', 'Unknown', 'Terminal was continuously downloading EVM tools and then he hang the phone when I put him on hold and after that I tried 2 times he did not pick a call.  ', 1),
	(885, 10, '2021-04-29', '09:21:17', 0, 0, 'Sophye', 5, 10, '', NULL, 5, 46, '', '', '', 1),
	(886, 10, '2021-04-29', '10:13:35', 0, 0, 'Sid', 48, 9, '', NULL, 15, 55, 'terminal wasn\'t contact to TMS from 2018 they need to send here for update ', '', '', 1),
	(887, 10, '2021-04-29', '10:14:42', 0, 0, 'Jason', 22, 15, '', NULL, 10, 35, 'customer was confuse and he want manuals for nitro set up ', '', '', 1),
	(888, 10, '2021-04-29', '10:20:20', 0, 0, 'david', 90, NULL, '', NULL, 11, 37, 'Kishan tried to contact him and then he call back pass the massage to kishan ', 'Unknown', 'Kishan tried to contact him and then he call back pass the massage to kishan ', 1),
	(889, 10, '2021-04-29', '10:36:36', 0, 0, 'mlisha ', 36, 16, '02985983', NULL, 11, 37, 'terminal was restarting issue and showing mandatory issue and she did not know when this massage pops up so she will ring back  ', 'Unknown', 'terminal was restarting issue and showing mandatory issue and she did not know when this massage pops up so she will ring back  ', 1),
	(890, 9, '2021-04-29', '11:28:58', 0, 0, 'owen', 64, 15, 'IPP315', NULL, 6, 26, ' EMV download\r\nserial - 07376927\r\nGPRS is the connection', '', '', 1),
	(891, 10, '2021-04-29', '11:38:08', 0, 0, 'Alan', 48, 9, '', NULL, 11, 37, 'customer was asking do ICT220 have contactless ?', 'Unknown', 'customer was asking do ICT220 have contactless ?', 1),
	(892, 10, '2021-04-30', '09:58:50', 0, 0, 'Gavin', 37, 16, '11679930', NULL, 11, 37, 'customer was trying to connect DESK 1500 with desk5000 but terminal was V4', 'Unknown', 'customer was trying to connect DESK 1500 with desk5000 but terminal was V4', 1),
	(893, 10, '2021-04-30', '10:33:43', 0, 0, 'thomas', 53, 21, '25118203', NULL, 11, 37, 'terminal was showing offline after done everything suggest him to send here ', 'Unknown', 'terminal was showing offline after done everything suggest him to send here ', 1),
	(894, 10, '2021-04-30', '11:23:38', 0, 0, 'Gursharan ', 7, NULL, '', NULL, 10, 35, 'change some port settings', '', '', 1),
	(895, 6, '2021-04-30', '12:12:47', 0, 0, 'Koban ', 54, NULL, '', NULL, 4, 41, 'Wanted to know the latest Nitro Version', '', '', 1),
	(896, 10, '2021-04-30', '12:20:19', 0, 0, 'Richard', 48, 21, '23713287', NULL, 11, 37, 'Terminal was showing Load TRV OS LAYER then stuck on LLT so suggest him to send it for Upgrade ', 'Unknown', 'Terminal was showing Load TRV OS LAYER then stuck on LLT so suggest him to send it for Upgrade ', 1),
	(897, 10, '2021-04-30', '12:50:32', 0, 0, 'Sophye', 5, 14, '', NULL, 11, 37, 'not connecting to wifi ', 'Unknown', 'not connecting to wifi ', 1),
	(898, 10, '2021-04-30', '13:41:43', 0, 0, 'corbine ', 54, NULL, '', NULL, 4, 41, '', '', '', 1),
	(899, 10, '2021-05-03', '09:15:46', 0, 0, '', 45, 9, '', NULL, 11, 37, 'terminal showed keys warning then shows alert and suggest het send terminal for service could be hardware issue ', 'Unknown', 'terminal showed keys warning then shows alert and suggest het send terminal for service could be hardware issue ', 1),
	(900, 10, '2021-05-03', '10:46:56', 0, 0, 'Umesh ', 64, 15, '', NULL, 11, 37, 'terminal was working fine standalone not with Pin pad 315 \r\nhe will ring back for serial number ', 'Unknown', 'terminal was working fine standalone not with Pin pad 315 \r\nhe will ring back for serial number ', 1),
	(901, 10, '2021-05-03', '12:41:06', 0, 0, 'Deep ', 40, 15, '', NULL, 11, 37, 'freezing on transaction', 'Unknown', 'freezing on transaction', 2),
	(902, 10, '2021-05-03', '13:48:20', 0, 0, 'david', 2, 16, '', NULL, 11, 37, 'pinpad stuck have confusion its V5 or V4 ', 'Unknown', 'pinpad stuck have confusion its V5 or V4 ', 2),
	(903, 10, '2021-05-03', '13:52:16', 0, 0, 'james ', 37, 21, '', NULL, 11, 37, 'customer was asking can he use cash out with payway', 'Unknown', 'customer was asking can he use cash out with payway', 1),
	(904, 10, '2021-05-03', '14:32:38', 0, 0, '', 44, 15, '', NULL, 11, 37, 'terminal was showing decline transactions with pos i suggest him connect with you pos and test terminal what error comes up and how transaction decline with chip card or swipe card ', 'Unknown', 'terminal was showing decline transactions with pos i suggest him connect with you pos and test terminal what error comes up and how transaction decline with chip card or swipe card ', 2),
	(905, 10, '2021-05-03', '16:57:04', 0, 0, 'james ', 36, 16, '', NULL, 11, 37, 'Freezing issue gone release update will work fine ', 'Unknown', 'Freezing issue gone release update will work fine ', 1),
	(906, 10, '2021-05-03', '16:58:06', 0, 0, '', 45, 15, '', NULL, 11, 37, 'asking for surcharge how to enable it ', 'Unknown', 'asking for surcharge how to enable it ', 1),
	(907, 10, '2021-05-04', '10:32:02', 0, 0, 'Richard', 54, NULL, '', NULL, 10, 35, 'ask team viewer details but he did not have so he will ring back ', '', '', 1),
	(908, 10, '2021-05-04', '10:50:09', 0, 0, 'Sid', 48, NULL, '', NULL, 11, 37, 'customer was checking can we do pre authorization on Ingenico terminals ', 'Unknown', 'customer was checking can we do pre authorization on Ingenico terminals ', 1),
	(909, 10, '2021-05-04', '10:57:52', 0, 0, 'Mishaal ', 59, NULL, '', NULL, 11, 37, 'she was asking how to print IP address', 'Unknown', 'she was asking how to print IP address', 1),
	(910, 10, '2021-05-04', '12:18:02', 0, 0, 'Nikul', 67, 18, '', NULL, 11, 37, 'was not pairing with phone ', 'Unknown', 'was not pairing with phone ', 1);
/*!40000 ALTER TABLE `logs` ENABLE KEYS */;

-- Dumping structure for table skybook.releases
CREATE TABLE IF NOT EXISTS `releases` (
  `id` int(11) NOT NULL AUTO_INCREMENT,
  `name` varchar(100) DEFAULT NULL,
  PRIMARY KEY (`id`)
) ENGINE=InnoDB AUTO_INCREMENT=47 DEFAULT CHARSET=utf8;

-- Dumping data for table skybook.releases: ~40 rows (approximately)
/*!40000 ALTER TABLE `releases` DISABLE KEYS */;
INSERT INTO `releases` (`id`, `name`) VALUES
	(3, '[66] - Telium Paymark Release 2015B (iCT220)'),
	(4, '[69] - Telium Paymark Release 314A(iCT220 Only)'),
	(5, '[78] - Paymark Release 2015B V4 - 16MB iCT220'),
	(6, '[99] - Paymark Release 2017A V4'),
	(7, '[100] - Paymark Release 2017A V4 - 16MB iCT220'),
	(8, '[101] - Paymark Release 2017A V4 - 16MB iCT250'),
	(9, '[103] - Paymark Release 2018'),
	(10, '[105] - Paymark Release 2018 - 16MB iCT250'),
	(11, '[106] - Paymark Release 2018 - 16MB iCT220'),
	(12, '[113] - ACR Release 390 2018'),
	(13, '[117] - Paymark Release 2018 Sha-2'),
	(14, '[119] - Paymark Release 2018 - 16MB ICT220 Sha-2'),
	(15, '[120] - Paymark Release 2018 - 16MB ICT250 Sha-2'),
	(16, '[122] - Paymark Release 2017 Sha 2 - MPOS'),
	(17, '[109] - Move5000 Release PatchCA'),
	(18, '[110] - Desk3200 PatchCA'),
	(19, '[111] - DESK5000 PatchCA'),
	(20, '[112] - Move2500 Release PatchCA'),
	(21, '[121] - Tetra Paymark Release 2018.1'),
	(22, '[123] - Tetra Paymark Release 2018.1 WebApp'),
	(23, '[125] - Test Tetra Paymark Release 2018.1 R393'),
	(24, '[127] - Test Tetra Paymark Release 2018.1 R394'),
	(25, '[129] - LINK2500 Release 2018.1'),
	(26, '[130] - Tetra Paymark Release 2018.1 R3'),
	(27, '[131] - Tetra Paymark Release 2018.1 WebApp R3'),
	(28, '[132] - PTS2018 Sha-2 R2'),
	(29, '[133] - PTS2018 - 16MB ICT220 Sha-2 R2'),
	(30, '[134] - PTS2018 - 16MB ICT250 Sha-2 R2'),
	(31, '[135] - Tetra Paymark Release 2018.1 R4'),
	(32, '[136] - PTS2018 Sha-2 R3'),
	(33, '[138] - PTS2018 - iCT250 16MB Sha-2 R3'),
	(34, '[140] - Tetra PTS2018.1 R3 WebApp Base Release'),
	(35, '[141] - Tetra Paymark Release 2018.1 R5'),
	(36, '[142] - PTS2018 - iCT220 16MB Sha-2 R3'),
	(37, '[143] - Tetra Paymark Release 2018.1 R6'),
	(38, '[144] - Tetra PTS2018.1 R6 WebApp Base Release'),
	(39, '[145] - Lane3000 PTS2018.1'),
	(40, '[146] - PTS2018 Sha-2 346 R2'),
	(41, '[147] - PTS2018 - iCT250 16MB Sha-2 346 R2'),
	(42, '[148] - PTS2018 - iCT220 16MB Sha-2 346 R2'),
	(43, '[149] - LANE3000 PTS2018.1 347 R1'),
	(44, '[150] - TELIUM PTS2018.1 0346 R3'),
	(45, '[151] - TELIUM PTS2018.1 ICT220 16MB 0346 R3'),
	(46, '[152] - TELIUM PTS2018.1 ICT250 16MB 0346 R3');
/*!40000 ALTER TABLE `releases` ENABLE KEYS */;

-- Dumping structure for table skybook.status
CREATE TABLE IF NOT EXISTS `status` (
  `id` int(11) NOT NULL AUTO_INCREMENT,
  `name` varchar(100) DEFAULT NULL,
  PRIMARY KEY (`id`)
) ENGINE=InnoDB AUTO_INCREMENT=3 DEFAULT CHARSET=utf8;

-- Dumping data for table skybook.status: ~2 rows (approximately)
/*!40000 ALTER TABLE `status` DISABLE KEYS */;
INSERT INTO `status` (`id`, `name`) VALUES
	(1, 'Resolved'),
	(2, 'Outstanding');
/*!40000 ALTER TABLE `status` ENABLE KEYS */;

-- Dumping structure for table skybook.terminals
CREATE TABLE IF NOT EXISTS `terminals` (
  `id` int(11) NOT NULL AUTO_INCREMENT,
  `name` varchar(100) DEFAULT NULL,
  PRIMARY KEY (`id`)
) ENGINE=InnoDB AUTO_INCREMENT=24 DEFAULT CHARSET=utf8;

-- Dumping data for table skybook.terminals: ~15 rows (approximately)
/*!40000 ALTER TABLE `terminals` DISABLE KEYS */;
INSERT INTO `terminals` (`id`, `name`) VALUES
	(9, 'ICT220'),
	(10, 'IWL250'),
	(11, 'IWL252'),
	(12, 'ICMP'),
	(13, 'ISMP320'),
	(14, 'MOVE5000'),
	(15, 'DESK3200'),
	(16, 'DESK5000'),
	(17, 'MOVE2500'),
	(18, 'LINK2500'),
	(19, 'MOVE5000 V5'),
	(20, 'IPP350'),
	(21, 'ICT250'),
	(22, 'LANE3000'),
	(23, 'ISMP350');
/*!40000 ALTER TABLE `terminals` ENABLE KEYS */;

-- Dumping structure for table skybook.users
CREATE TABLE IF NOT EXISTS `users` (
  `id` int(11) NOT NULL AUTO_INCREMENT,
  `name` varchar(100) DEFAULT NULL,
  `pass` varchar(100) DEFAULT NULL,
  `email` varchar(100) DEFAULT NULL,
  `is_admin` tinyint(4) DEFAULT 0,
  `is_support` tinyint(4) DEFAULT 0,
  `is_active` tinyint(4) DEFAULT 1,
  PRIMARY KEY (`id`)
) ENGINE=InnoDB AUTO_INCREMENT=13 DEFAULT CHARSET=utf8;

-- Dumping data for table skybook.users: ~10 rows (approximately)
/*!40000 ALTER TABLE `users` DISABLE KEYS */;
INSERT INTO `users` (`id`, `name`, `pass`, `email`, `is_admin`, `is_support`, `is_active`) VALUES
	(1, 'Jay', 'admin', 'jay.solanki@skyzer.co.nz', 1, 1, 1),
	(3, 'Ashen', 'pass', 'Ashen.Ranaweera@skyzer.co.nz', 0, 1, 0),
	(4, 'Henry', 'pass', 'hreyes@skyzer.co.nz', 0, 1, 1),
	(5, 'Nilesh', 'pass', 'nraj@skyzer.co.nz', 0, 1, 1),
	(6, 'Kishan', 'pass', 'kishan.rabari@skyzer.co.nz', 1, 1, 1),
	(7, 'Christine', 'pass', 'chogan@skyzer.co.nz', 1, 1, 1),
	(8, 'Shani', 'pass', 'smudumbai@skyzer.co.nz', 0, 1, 0),
	(9, 'Axita', 'pass', 'axita.thakar@skyzer.co.nz', 0, 1, 1),
	(10, 'Davinder', 'davinder', 'davinder.singh@skyzer.co.nz', 0, 1, 1),
	(11, 'Vineel', 'pass', 'vdhani@skyzer.co.nz', 0, 1, 1),
	(12, 'rohini', 'rohini', 'admin@skyzerpayments.co.nz', 0, 1, 1);
/*!40000 ALTER TABLE `users` ENABLE KEYS */;

/*!40101 SET SQL_MODE=IFNULL(@OLD_SQL_MODE, '') */;
/*!40014 SET FOREIGN_KEY_CHECKS=IF(@OLD_FOREIGN_KEY_CHECKS IS NULL, 1, @OLD_FOREIGN_KEY_CHECKS) */;
/*!40101 SET CHARACTER_SET_CLIENT=@OLD_CHARACTER_SET_CLIENT */;
